Study/Year/Country,Title,Study Design,"double-blind or more? (yes, no)",target diagnosis for  meta analysis,Population,baseline vitamin deficiency prop,Baseline Vitamin/Mineral Level,baseline vitamin/mineral sd,Final Vitamin/Mineral Level,Final Vitamin/Mineral SD,Summary of Study Selection Criteria,psych dx,low vitamin,pop dx,Total Sample Size (N),Intervention,Dose,Frequency,total average daily dose,Number of treatment arms (N),Number in each Treatment Arm (N),Duration (weeks),Scale Name,baseline N,Baseline outcome measure (if recorded),Standard Deviation of baseline outcome (if given),final N,Final Outcome Measures,Standard Deviation of outcome (if given),Standard Error of outcome (if given),Mean Age (Years),Sex (% Male),Key Findings,Adverse Events,Sequence generation risk of bias,allocation concealment risk of bias,blinding of participants risk of bias,blinding of outcome assessers,incomplete outcome risk of bias,selective outcome reporting risk of bias,other sources of bias,overall risk of bias,,flag,gain mean,gain sd,gain se,p,secondary flag,secondary gain mean,secondary gain sd,adverse rate,adverse count,censor direction,prob,total
Siwek/2009/Poland,"Zinc supplementation augments efficacy of imipramine in treatment resistant patients: a double blind, placebo-controlled study",Randomized Controlled Trial,yes,depression,"18-55 years, unknown baseline health",,,,,,Patients who had only DSM-IV criteria for depression both inpatient and outpatient,depression,,,60,"zinc, imipramine","25 mg, 140 mg",daily,"25 mg, 140 mg",2,30,12,Beck Depression Inventory,30,35.65,4.9,27,12.14,5.04026785,0.97,46.2,36.67,Zinc helped improve treatment in treatment resistant depression (seems like a post Hoc analysis),"5 withdrew due to symptoms, 58.3% had side effects (n=19)",some concerns,some concerns,low,some concerns,low,low,low,some concerns,,,,,,,,,,0.703703704,19,,,
Siwek/2009/Poland,"Zinc supplementation augments efficacy of imipramine in treatment resistant patients: a double blind, placebo-controlled study",Randomized Controlled Trial,yes,depression,"18-55 years, unknown baseline health",,,,,,Patients who had only DSM-IV criteria for depression both inpatient and outpatient,depression,,,60,imipramine,140 mg,daily,140 mg,2,30,12,Beck Depression Inventory,30,36.79,4.9,25,14.8,14.05,2.81,45.7,30,Zinc helped improve treatment in treatment resistant depression (seems like a post Hoc analysis),"5 withdrew due to symptoms, 58.3% had side effects (n=16)",some concerns,some concerns,low,some concerns,low,low,low,some concerns,,,,,,,,,,0.64,16,,,
Salari/2015/Iran,"Zinc sulphate: A reasonable choice for depression management in patients with multiple sclerosis: A randomized, double-blind, placebo-controlled clinical trial",Randomized Controlled Trial,yes,depression,"18-55, patients with MS",,,,,,"Patients with MS who have MDD excluded if have other psych disorders, outpatient",depression,,MS,50,zinc,50 mg,daily,50 mg,2,25,12,Beck Depression Inventory,21,23.57,6.35,21,17.4,5.86569689,1.28,33.9,38.1," The results indicated that in the patients who received the zinc supplement, the mean score of
depression was reduced compared to those in the placebo group, whereas the neurological examinations
revealed that there were no differences between the treatment and control groups.Therefore, the zinc supplementation is an appropriate choice for the depression
management in patients with MS",none,some concerns,some concerns,some concerns,some concerns,low,low,low,some concerns,,,,,,,,,,0,0,,,
Salari/2015/Iran,"Zinc sulphate: A reasonable choice for depression management in patients with multiple sclerosis: A randomized, double-blind, placebo-controlled clinical trial",Randomized Controlled Trial,yes,depression,"18-55, patients with MS",,,,,,"Patients with MS who have MDD excluded if have other psych disorders, outpatient",depression,,MS,50,placebo,,daily,,2,25,12,Beck Depression Inventory,22,25.63,8.09,22,25.4,8.161323422,1.74,37.22,22.7," The results indicated that in the patients who received the zinc supplement, the mean score of
depression was reduced compared to those in the placebo group, whereas the neurological examinations
revealed that there were no differences between the treatment and control groups.Therefore, the zinc supplementation is an appropriate choice for the depression
management in patients with MS",none,some concerns,some concerns,some concerns,some concerns,low,low,low,some concerns,,,,,,,,,,0,0,,,
Solati/2015/Iran,"Zinc monotherapy increases serum brain-derived neurotrophic factor (BDNF) levels and decreases depressive symptoms in overweight or obese subjects: a double-blind, randomized, placebo-controlled trial",Randomized Controlled Trial,yes,depression,"18-35, overweight or obese subjects",,zinc: 71.93 ug/dL,zinc: 24.88 ug/dL,zinc: 101.04 ug/dL,zinc: 8.09 ug/dL,"obese or overweight patients, outpatient",none,,obese,46,zinc,30 mg,daily,30 mg,2,22,12,Beck Depression Inventory,22,12.77,9.59,22,8.77,6.71,,29.77,36.36,inconclusive results,none,low,some concerns,low,low,low,some concerns,low,some concerns,,,,,,,,,,0,0,,,
Solati/2015/Iran,"Zinc monotherapy increases serum brain-derived neurotrophic factor (BDNF) levels and decreases depressive symptoms in overweight or obese subjects: a double-blind, randomized, placebo-controlled trial",Randomized Controlled Trial,yes,depression,"18-35, overweight or obese subjects",,zinc: 79.55 ug/dL,zinc: 23.13 ug/dL,zinc: 86.13 ug/dL,zinc: 8.13 ug/dL,"obese or overweight patients, outpatient",none,,obese,46,placebo,,daily,,2,24,12,Beck Depression Inventory,24,16.5,10.91,24,15.41,10.53,,31.29,29.17,inconclusive results,none,low,some concerns,low,low,low,some concerns,low,some concerns,,,,,,,,,,0,0,,,
Heckmann/2005/Germany,Zinc gluconate in the treatment of dysgeusia--a randomized clinical trial,Randomized Controlled Trial,yes,depression,"41-82, all participants had idiopathic dysgeusia",,zinc: 72.78 ug/dL,zinc: 18.38 ug/dL,zinc: 81.53 ug/dL,zinc: 19.61 ug/dL,Patient referred from specialized interdisciplinary consultation unit for the care of patients with orofacial diseases with diagnosis of idopathic dysgeusia between 1999 to 2001,none,,dysgeusia,50,zinc,140 mg,daily,140 mg,2,26,12,Beck Depression Inventory,24,10.6,8.5,24,7.5,7,,61.1,19.23,depression ratings lowered in zinc group,none,low,low,low,low,low,some concerns,low,low,,,,,,,,,,0,0,,,
Heckmann/2005/Germany,Zinc gluconate in the treatment of dysgeusia--a randomized clinical trial,Randomized Controlled Trial,yes,depression,"41-82, all participants had idiopathic dysgeusia",,zinc: 72.78 ug/dL,zinc: 18.38 ug/dL,zinc: 81.53 ug/dL,zinc: 19.61 ug/dL,Patient referred from specialized interdisciplinary consultation unit for the care of patients with orofacial diseases with diagnosis of idopathic dysgeusia between 1999 to 2002,none,,dysgeusia,50,zinc,140 mg,daily,140 mg,2,26,12,von Zersen mood scale (ZMS),24,15.6,11.3,24,10.7,7.5,,61.1,19.23,depression ratings lowered in zinc group,none,low,low,low,low,low,some concerns,low,low,,,,,,,,,,0,0,,,
Heckmann/2005/Germany,Zinc gluconate in the treatment of dysgeusia--a randomized clinical trial,Randomized Controlled Trial,yes,depression,"41-82, all participants had idiopathic dysgeusia",,zinc: 67.9 ug/dL,zinc: 14.64 ug/dL,zinc: 72.01 ug/dL,zinc: 10.22 ug/dL,Patient referred from specialized interdisciplinary consultation unit for the care of patients with orofacial diseases with diagnosis of idopathic dysgeusia between 1999 to 2003,none,,dysgeusia,50,placebo,,daily,,2,24,12,Beck Depression Inventory,26,11.3,10.7,26,11.3,10.9,,61.1,19.23,depression ratings lowered in zinc group,none,low,low,low,low,low,some concerns,low,low,,,,,,,,,,0,0,,,
Heckmann/2005/Germany,Zinc gluconate in the treatment of dysgeusia--a randomized clinical trial,Randomized Controlled Trial,yes,depression,"41-82, all participants had idiopathic dysgeusia",,zinc: 67.9 ug/dL,zinc: 14.64 ug/dL,zinc: 72.01 ug/dL,zinc: 10.22 ug/dL,Patient referred from specialized interdisciplinary consultation unit for the care of patients with orofacial diseases with diagnosis of idopathic dysgeusia between 1999 to 2004,none,,dysgeusia,50,placebo,,daily,,2,24,12,von Zersen mood scale (ZMS),26,18.8,13.3,26,18.8,14.6,,61.1,19.23,depression ratings lowered in zinc group,none,low,low,low,low,low,some concerns,low,low,,,,,,,,,,0,0,,,
Ford/2008/Australia,"Vitamins B12, B6, and folic acid for onset of depressive symptoms in older men: results from a 2-year placebo-controlled randomized trial",Randomized Controlled Trial,yes,depression,"75-death, men aged 75 years or older from a large (N = 12,203) population-based
study of abdominal aortic aneurysm screening.",,,,,,"men aged 75 years or older from a large (N = 12,203) population-based
study of abdominal aortic aneurysm screening.",none,,healthy seniors,299,"vitamin B6, vitamin B9, vitamin B12","25 mg, 2 mg, 400 ug",daily,"25 mg, 2 mg, 400 ug",2,150,104,Beck Depression Inventory,150,6.1,4.4,118,6.1543,,,79.3,100,vitamin group did no better than placebo,none,low,low,low,low,low,low,low,low,,gain scores,0.0543,1.55448969,,,,,,0,0,,,
Ford/2008/Australia,"Vitamins B12, B6, and folic acid for onset of depressive symptoms in older men: results from a 2-year placebo-controlled randomized trial",Randomized Controlled Trial,yes,depression,"75-death, men aged 75 years or older from a large (N = 12,203) population-based
study of abdominal aortic aneurysm screening.",,,,,,"men aged 75 years or older from a large (N = 12,203) population-based
study of abdominal aortic aneurysm screening.",none,,healthy seniors,299,placebo,,daily,,2,149,104,Beck Depression Inventory,149,6.3,3.9,123,5.9873,,,78.7,100,vitamin group did no better than placebo,none,low,low,low,low,low,low,low,low,,gain scores,-0.3127,1.70293617,,,,,,0,0,,,
Christensen/2011/Australia,No clear potentiation of antidepressant medication effects by folic acid+Vitamin B12 in a large community sample,Randomized Controlled Trial,yes,depression,"60-74, patients with depressive symptoms/psychological distress",,"RBC vitamin B9: 572.52 nmol/L, homocysteine: 9.6 umol/L, vitamin B12: 305 pg/mL","RBC vitamin B9: 266.6450547 nmol/L, homocysteine: 2.593899784 umol/L, vitamin B12: 151 pg/mL","RBC vitamin B9: 951 nmol/L, homocysteine: 10.4 umol/L, vitamin B12: 475 pg/mL","RBC vitamin B9: 423 nmol/L, homocysteine: 4.5 umol/L, vitamin B12: 212 pg/mL",patients with elevated psychological distress with no engagement in physical activity and no vitamin b/b12 or folic acid use,none,,,900,"vitamin B9, vitamin B12","200 ug, 50 mcg","initially daily, then BID","400 ug, 100 mcg",2,447,104,PHQ-9,447,5.36,3.97237927,447,3.69,2.325661196,0.11,65.92,39.8,no potentiation of antidepressant as a result of taking folic acid + vit b12,not discussed,low,low,low,low,low,low,low,low,,,,,,,,,,,,,,
Christensen/2011/Australia,No clear potentiation of antidepressant medication effects by folic acid+Vitamin B12 in a large community sample,Randomized Controlled Trial,yes,depression,"60-74, patients with depressive symptoms/psychological distress",,"RBC vitamin B9: 557.06 nmol/L, homocysteine: 9.8 umol/L, vitamin B12: 285 pg/mL","RBC vitamin B9: 277.7292416 nmol/L, homocysteine: 2.802806998 umol/L, vitamin B12: 106 pg/mL","RBC vitamin B9: 568 nmol/L, homocysteine: 12 umol/L, vitamin B12: 297 pg/mL","RBC vitamin B9: 277.7292416 nmol/L, homocysteine: 2.8 umol/L, vitamin B12: 120 pg/mL",patients with elevated psychological distress with no engagement in physical activity and no vitamin b/b12 or folic acid use,none,,,900,placebo,,"initially daily, then BID",,2,453,104,PHQ-9,453,5.58,4.10394486,453,4.22,2.107095869,0.099,65.95,39.8,no potentiation of antidepressant as a result of taking folic acid + vit b12,not discussed,low,low,low,low,low,low,low,low,,,,,,,,,,,,,,
Kennedy/2011/UK,"Vitamins and psychological functioning: a mobile phone assessment of the effects of a B vitamin complex, vitamin C and minerals on cognitive performance and subjective mood and energy",Randomized Controlled Trial,yes,cognitive performance,"30-55, healthy males without significant medical history",,,,,,healthy males aged 30–55 years,none,,healthy men,215,"vitamin B1, vitamin B2, vitamin B3, vitamin B5, vitamin B6, vitamin B7, vitamin B9, vitamin B12, vitamin C, calcium, magnesium, zinc","15 mg, 15 mg, 50 mg, 23 mg, 10 mg, 150 ug, 400 ug, 10 ug, 500 mg, 100 mg, 100 mg, 10 mg",daily,"15 mg, 15 mg, 50 mg, 23 mg, 10 mg, 150 ug, 400 ug, 10 ug, 500 mg, 100 mg, 100 mg, 10 mg",2,94,4,Visual analog mental stamina,94,58.3,10.66489569,94,64.7,13.5735036,1.4,39.7,100,vitamin group rated themselves as having more physical and mental stamina,none,low,some concerns,low,low,low,low,low,low,,,,,,,,,,0,0,,,
Kennedy/2011/UK,"Vitamins and psychological functioning: a mobile phone assessment of the effects of a B vitamin complex, vitamin C and minerals on cognitive performance and subjective mood and energy",Randomized Controlled Trial,yes,cognitive performance,"30-55, healthy males without significant medical history",,,,,,healthy males aged 30–55 years,none,,healthy men,215,placebo,,daily,,2,104,4,Visual analog mental stamina,104,64.1,11.21784293,104,61.4,13.25745074,1.3,38.7,100,vitamin group rated themselves as having more physical and mental stamina,none,low,some concerns,low,low,low,low,low,low,,,,,,,,,,0,0,,,
Bell/1992/USA,"Vitamin-B1, Vitamin-B2, and Vitamin-B6 Augmentation of Tricyclic Antidepressant Treatment in Geriatric Depression with Cognitive Dysfunction",Randomized Controlled Trial,yes,depression,"??, met criteria for MDD at McClean, inpatient",,"vitamin B1: 1.06, vitamin B2: 1.13, vitamin B6: 1.93",,"vitamin B1: 1.13, vitamin B2: 1.06, vitamin B6: 1.6",," 16 nonalcoholic inpatient volunteers 
from the Mclean Geriatric Inpatient Service who met 
DSM-IIIR [13] criteria for major depression (n = 14) or 
bipolar depression (n = 2) on admission and who scored 
at least 16/30 on the Foistein Mini-Mental State Exami­
nation (MMSE)",depression,,,14,"vitamin B1, vitamin B2, vitamin B6, nortriptyline","10 mg, 10 mg, 10 mg, various",BID,"20 mg, 20 mg, 20 mg, various",2,8,4,MADRS,8,28,3.7,8,15.6,,,75,21.4,Results inconclusive,none,high,high,some concerns,some concerns,some concerns,some concerns,low,high,,gain scores,-12.4,6.2,,,,,,0,0,,,
Bell/1992/USA,"Vitamin-B1, Vitamin-B2, and Vitamin-B6 Augmentation of Tricyclic Antidepressant Treatment in Geriatric Depression with Cognitive Dysfunction",Randomized Controlled Trial,yes,depression,"??, met criteria for MDD at McClean, inpatient",,"vitamin B1: 1.10, vitamin B2: 1.18, vitamin B6: 1.80 ",,,,,depression,,,14,nortriptyline,various,BID,various,2,6,4,MADRS,6,25.3,7.9,6,17.9,,,75,21.4,inconclusive,none,high,high,some concerns,some concerns,some concerns,some concerns,low,high,,gain scores,-7.4,7.9,,,,,,0,0,,,
Hansen/2019/Denmark,Vitamin D3 supplementation and treatment outcomes in patients with depression (D3-vit-dep),Randomized Controlled Trial,yes,depression,"18-65, Depression but not other mental health conditions",,25(OH)D: 43.2 nmol/L,25(OH)D: 24.6 nmol/L,25(OH)D: 97.9 nmol/L,25(OH)D: 25 nmol/L,"Suffering from mild to severe depression, didn't have other conditions",depression,,,62,vitamin D,70 ug,daily,2800 IU,2,34,24,HAM-D,34,18.4,5.73,26,9.26,6.32,,39.6,25,Results don't support value of vitamin D,none,low,low,low,low,some concerns,some concerns,low,low,,gain scores,-9.58,6.2,,,,,,0,0,,,
Hansen/2019/Denmark,Vitamin D3 supplementation and treatment outcomes in patients with depression (D3-vit-dep),Randomized Controlled Trial,yes,depression,"18-65, Depression but not other mental health conditions",,25(OH)D: 44.3 nmol/L,25(OH)D: 24.1 nmol/L,25(OH)D: 52 nmol/L,25(OH)D: 33.5 nmol/L,"Suffering from mild to severe depression, didn't have other conditions",depression,,,62,placebo,,daily,,2,28,24,HAM-D,28,18,6.01,19,9.59,7.82,,38.7,32.3,Results don't support value of vitamin D,none,low,low,low,low,some concerns,some concerns,low,low,,gain scores,-7.1,6.2,,,,,,0,0,,,
Zhang/2018/China,Vitamin D3 as adjunctive therapy in the treatment of depression in tuberculosis patients: a short-term pilot randomized double-blind controlled study,Randomized Controlled Trial,yes,depression,"18-??, depressed patients with tuberculosis",,25(OH)D: 22.9  ng/mL,25(OH)D: 7.1 ng/mL,25(OH)D: 27.1 ng/mL,25(OH)D: 8.3 ng/mL,"Recurrent PTB (relapse of original episode or an exogenous 
reinfection caused by a different strain of Mycobacterium 
tuberculosis) participants (age 18 years), who were 
HIV-negative and had depression and had taken standard TB re-treatment",depression,,TB,123,vitamin D,100000 IU,weekly,14285.7142857143 IU,2,58,8,BDI-II,58,24.6,13.1,56,16.6,9.4,,38.3,86.2,"high-dose Vit D3 supplementation may not be warranted 
for reducing depressive symptoms in the PTB population. Multivari
able logistic regression models suggest that high-dose Vit D3 
supplementation may not be warranted for reducing depressive symptoms compared to the placebo in the PTB population despite a greater rise in plasma 25(OH)D level in the vit D group","1 with itching, 1 with nausea",low,low,low,low,low,low,low,low,,OLS,-1.63,8.829779159,0.91881718,5,gain scores,-8,3.7,0.035714286,2,,,
Zhang/2018/China,Vitamin D3 as adjunctive therapy in the treatment of depression in tuberculosis patients: a short-term pilot randomized double-blind controlled study,Randomized Controlled Trial,yes,depression,"18-??, depressed patients with tuberculosis",,25(OH)D: 24.5 ng/mL,25(OH)D: 4.6 ng/mL,25(OH)D: 27.2 ng/mL,25(OH)D: 8.1 ng/mL,"Recurrent PTB (relapse of original episode or an exogenous 
reinfection caused by a different strain of Mycobacterium 
tuberculosis) participants (age 18 years), who were 
HIV-negative and had depression and had taken standard TB re-treatment",depression,,TB,123,placebo,,weekly,,2,65,8,BDI-II,65,23.3,10.5,64,16.9,8.3,,40.2,81.5,"high-dose Vit D3 supplementation may not be warranted 
for reducing depressive symptoms in the PTB population. Multivari
able logistic regression models suggest that high-dose Vit D3 
supplementation may not be warranted for reducing depressive symptoms compared to the placebo in the PTB population despite a greater rise in plasma 25(OH)D level in the vit D group",none,low,low,low,low,low,low,low,low,,,0,8.829779159,0.91881718,,gain scores,-6.4,4.9,0,0,,,
Rolf/2017/Netherlands,Vitamin D(3) supplementation in multiple sclerosis: Symptoms and biomarkers of depression,Randomized Controlled Trial,yes,depression,"18-55, patients with MS with diagnosis in last 5 years",,25(OH)D: 58 nmol/L,25(OH)D: 35.10522432 nmol/L,25(OH)D: 211.667 nmol/L,25(OH)D: 72.60398666 nmol/L," Patients were eligible when they were aged between 18 and 55, diagnosed with RRMS according to the original or 2005 revised McDonald criteria confirmed by MRI, treated with interferon-β1α (Rebif®, Merck. Darmstadt, Germany), had their first clinical event in the previous 5 years, and had active disease in the previous 18 months, but not in the 30 days prior to inclusion.",none,,MS,58,vitamin D,"7000 IU/day in the first 4 weeks, followed by 14,000 IU/day up to week 48",daily,13416.6666666667 IU,2,33,48,HADS-D,20,3.667,1.59569201,20,3.333,2.39353802,,38.5,30,"Altogether, we found no evidence that vitamin D3 supplementation
reduces depressive symptoms or related biomarkers in early RRMS in
our exploratory study. ",none,low,low,low,low,low,low,some concerns,low,,gain scores,-1.25,2.672964,,,,,,0,0,,,
Rolf/2017/Netherlands,Vitamin D(3) supplementation in multiple sclerosis: Symptoms and biomarkers of depression,Randomized Controlled Trial,yes,depression,"18-55, patients with MS with diagnosis in last 5 years",,25(OH)D: 53 nmol/L,25(OH)D: 15.95692014 nmol/L,25(OH)D: 63 nmol/L,25(OH)D: 31.91384029 nmol/L," Patients were eligible when they were aged between 18 and 55, diagnosed with RRMS according to the original or 2005 revised McDonald criteria confirmed by MRI, treated with interferon-β1α (Rebif®, Merck. Darmstadt, Germany), had their first clinical event in the previous 5 years, and had active disease in the previous 18 months, but not in the 30 days prior to inclusion.",none,,MS,58,placebo,,daily,,2,25,48,HADS-D,20,3,3.98923004,20,3.167,4.38815304,,37.6,40,"Altogether, we found no evidence that vitamin D3 supplementation
reduces depressive symptoms or related biomarkers in early RRMS in
our exploratory study. ",one but not specified,low,low,low,low,low,low,some concerns,low,,gain scores,-0.9,1.68273,,,,,,0.05,1,,,
Katta/2023/New Zealand,Micronutrients absorbed via the oral mucosa reduce irritability and anger but not stress in university students during COVID-19: A randomized placebo-controlled trial,Randomized Controlled Trial,yes,depression,enrolled in undergraduate/graduate program at Canterbury,,,,,,Participants had to have DASS-21 score >/=16,depression,,,72,multivitamin,,daily,various,2,35,4,"DASS-21, depression",35,19.9,10.9,35,14.3,9.03,,22.5,25.7,"No differences in primary outcome measures of stress. Micronutrient group experienced stasticically significant greater reduction in irritability and anger, relative to pbo",significantly more headaches and drowsiness reported in micronutrient group,some concerns,some concerns,some concerns,some concerns,low,low,low,some concerns,,cohen's d,-0.17,0.24745353,,,,,,,,>=,12,
Katta/2023/New Zealand,Micronutrients absorbed via the oral mucosa reduce irritability and anger but not stress in university students during COVID-19: A randomized placebo-controlled trial,Randomized Controlled Trial,yes,depression,enrolled in undergraduate/graduate program at Canterbury,,,,,,Participants had to have DASS-21 score >/=16,depression,,,72,placebo,,daily,,2,37,4,"DASS-21, depression",37,15.5,9.49,37,10.9,8.4,,21.9,24.3,"No differences in primary outcome measures of stress. Micronutrient group experienced stasticically significant greater reduction in irritability and anger, relative to pbo",significantly more headaches and drowsiness reported in micronutrient group,some concerns,some concerns,some concerns,some concerns,low,low,low,some concerns,,,0,0.24745353,,,,,,,,>=,9,
Katta/2023/New Zealand,Micronutrients absorbed via the oral mucosa reduce irritability and anger but not stress in university students during COVID-19: A randomized placebo-controlled trial,Randomized Controlled Trial,yes,anxiety,enrolled in undergraduate/graduate program at Canterbury,,,,,,Participants had to have DASS-21 score >/=16,depression,,,72,multivitamin,,daily,various,2,35,4,"DASS-21, anxiety",35,13.3,7.28,35,9.3,9.58,,22.5,25.7,"No differences in primary outcome measures of stress. Micronutrient group experienced stasticically significant greater reduction in irritability and anger, relative to pbo",significantly more headaches and drowsiness reported in micronutrient group,some concerns,some concerns,some concerns,some concerns,low,low,low,some concerns,,cohen's d,-0.14,0.24235139,,,,,,,,,,
Katta/2023/New Zealand,Micronutrients absorbed via the oral mucosa reduce irritability and anger but not stress in university students during COVID-19: A randomized placebo-controlled trial,Randomized Controlled Trial,yes,anxiety,enrolled in undergraduate/graduate program at Canterbury,,,,,,Participants had to have DASS-21 score >/=16,depression,,,72,placebo,,daily,,2,37,4,"DASS-21, anxiety",37,12.5,8.06,37,8.69,8.29,,21.9,24.3,"No differences in primary outcome measures of stress. Micronutrient group experienced stasticically significant greater reduction in irritability and anger, relative to pbo",significantly more headaches and drowsiness reported in micronutrient group,some concerns,some concerns,some concerns,some concerns,low,low,low,some concerns,,,0,0.24235139,,,,,,,,,,
Nguyen/2009/Guatemala,Micronutrient supplementation may reduce symptoms of depression in Guatemalan women,Randomized Controlled Trial,yes,depression,reproductive age Guatamalan women,"vitamin B9: .155, vitamin b12: .175",,,,,Guatamalan women of reproductive age,none,,,459,"vitamin B9, Iron, zinc, vitamin B12","5000 ug,  120 mg,  30 mg,  16.8 ug",weekly,"714.2857142857 ug,  17.1428571429 mg,  4.2857142857 mg,  2.4 ug",4,114,12,CES-D,88,16.6,8.495384574,88,14.3,8.49538457,,31,0,"There were no associations with depression were found with serum folate, Hcy, b12, serum ferritin or serum zinc",gastric discomfort or other side effects (n=6),some concerns,some concerns,some concerns,some concerns,high,some concerns,high,high,,gain scores,-2.3,8.067515107,0.86,,,,,,,<=,6,
Nguyen/2009/Guatemala,Micronutrient supplementation may reduce symptoms of depression in Guatemalan women,Randomized Controlled Trial,yes,depression,reproductive age Guatamalan women,"vitamin B9: .287, vitamin b12: .171",,,,,Guatamalan women of reproductive age,none,,,459,"vitamin B9, Iron, vitamin B12"," 2800 ug, 120 mg, 16.8 ug",weekly,"400 ug, 17.1428571429 mg, 2.4 ug",4,115,12,CES-D,97,16.4,8.434856722,97,13.2,8.682940757,,31.4,0,"There were no associations with depression were found with serum folate, Hcy, b12, serum ferritin or serum zinc","gastric complaints, headache, nausea",some concerns,some concerns,some concerns,some concerns,high,some concerns,high,high,,gain scores,-2.4,8.174551975,0.83,,,,,,,<=,6,
Nguyen/2009/Guatemala,Micronutrient supplementation may reduce symptoms of depression in Guatemalan women,Randomized Controlled Trial,yes,depression,reproductive age Guatamalan women,"vitamin B9: .231, vitamin b12: .167",,,,,Guatamalan women of reproductive age,none,,,459,"vitamin B9, Iron, zinc, vitamin B12"," 400 ug, 60 mg, 15 mg, 2.4 ug",daily," 400 ug, 60 mg, 15 mg, 2.4 ug",4,114,12,CES-D,84,17.2,8.294422374,84,15.4,8.524823,,30.2,0,"There were no associations with depression were found with serum folate, Hcy, b12, serum ferritin or serum zinc",gastric discomfort or other side effects (n=6),some concerns,some concerns,some concerns,some concerns,high,some concerns,high,high,,gain scores,-1.8,8.065333223,0.88,,,,,,,<=,6,
Nguyen/2009/Guatemala,Micronutrient supplementation may reduce symptoms of depression in Guatemalan women,Randomized Controlled Trial,yes,depression,reproductive age Guatamalan women,"vitamin B9: .167, vitamin b12: .140",,,,,Guatamalan women of reproductive age,none,,,459,"vitamin B9, Iron, vitamin B12","200 ug, 60 mg, 2.4 ug",daily,"200 ug, 60 mg, 2.4 ug",4,116,12,CES-D,100,18,8.31562294,100,15.5,8.56761151,,31.6,0,"There were no associations with depression were found with serum folate, Hcy, b12, serum ferritin or serum zinc",gastric discomfort or other side effects (n=6),some concerns,some concerns,some concerns,some concerns,high,some concerns,high,high,,gain scores,-2.5,8.1,0.81,,,,,,,<=,6,
Zhu/2020/China,Vitamin D supplementation improves anxiety but not depression symptoms in patients with vitamin D deficiency,Randomized Controlled Trial,no,depression,"18-60, MDD and vitamin D less than 75 nmol/L",,25(OH)D: 39.1 nmol/L,25(OH)D: 10.5 nmol/L,,,"(a) diagnosis of MDD according to Diagnosis and Statistical Manual—
5th edition (DSM-V); (b) age 18–60 years; (c) Han Chinese ethnicity;
and (d) serum 25(OH) D levels ≤75 nmol/L before the entry of our
study",depression,vitamin D,,158,vitamin D,1600 IU,daily,1600 IU,2,79,26,HAM-D,62,30,7.6,62,3.51,4.173224173,0.53,46.3,29,anxiety symptoms reduced in placebo relative to treatment but depressive symptoms inconclusive,not specified,some concerns,high,high,some concerns,high,some concerns,high,high,,OLS,-1.908,5.571661298,1.330562229,11,,,,,,,,
Zhu/2020/China,Vitamin D supplementation improves anxiety but not depression symptoms in patients with vitamin D deficiency,Randomized Controlled Trial,no,depression,"18-60, MDD and vitamin D less than 75 nmol/L",,25(OH)D: 42.1 nmol/L,25(OH)D: 12.6 nmol/L,,,"(a) diagnosis of MDD according to Diagnosis and Statistical Manual—
5th edition (DSM-V); (b) age 18–60 years; (c) Han Chinese ethnicity;
and (d) serum 25(OH) D levels ≤75 nmol/L before the entry of our
study",depression,vitamin D,,158,placebo,,daily,,2,79,26,HAM-D,44,29.2,11.6,44,4.88,7.097577051,1.07,43.3,22.7,anxiety symptoms reduced in placebo relative to treatment but depressive symptoms inconclusive,not specified,some concerns,high,high,some concerns,high,some concerns,high,high,,,0,5.571661298,1.330562229,11,,,,,,,,
Zhu/2020/China,Vitamin D supplementation improves anxiety but not depression symptoms in patients with vitamin D deficiency,Randomized Controlled Trial,no,anxiety,"18-60, MDD and vitamin D less than 75 nmol/L",,25(OH)D: 39.1 nmol/L,25(OH)D: 10.5 nmol/L,,,"(a) diagnosis of MDD according to Diagnosis and Statistical Manual—
5th edition (DSM-V); (b) age 18–60 years; (c) Han Chinese ethnicity;
and (d) serum 25(OH) D levels ≤75 nmol/L before the entry of our
study",depression,vitamin D,,158,vitamin D,1600 IU,daily,1600 IU,2,62,26,HAM-A,62,18,5.7,62,8.502,3.803145803,0.483,46.3,29,anxiety symptoms reduced in placebo relative to treatment but depressive symptoms inconclusive,not specified,some concerns,high,high,some concerns,high,some concerns,high,high,,OLS,-2.414,3.379880753,1.028081586,11,,,,,,,,
Zhu/2020/China,Vitamin D supplementation improves anxiety but not depression symptoms in patients with vitamin D deficiency,Randomized Controlled Trial,no,anxiety,"18-60, MDD and vitamin D less than 75 nmol/L",,25(OH)D: 42.1 nmol/L,25(OH)D: 12.6 nmol/L,,,"(a) diagnosis of MDD according to Diagnosis and Statistical Manual—
5th edition (DSM-V); (b) age 18–60 years; (c) Han Chinese ethnicity;
and (d) serum 25(OH) D levels ≤75 nmol/L before the entry of our
study",depression,vitamin D,,158,placebo,,daily,,2,44,26,HAM-A,44,17.9,7.5,44,7.245,2.666566331,0.402,43.3,22.7,anxiety symptoms reduced in placebo relative to treatment but depressive symptoms inconclusive,not specified,some concerns,high,high,some concerns,high,some concerns,high,high,,,0,3.379880753,1.028081586,11,,,,,,,,
Frandsen/2014/Denmark,Vitamin D supplementation for treatment of seasonal affective symptoms in healthcare professionals: a double-blind randomised placebo-controlled trial,Randomized Controlled Trial,yes,depression,"18-65, healthcare professionals employed in psychiatric and somatic hospitals with 8 points or more on question 2 SPAQ-SAD",25(OH)D: 0,"normal vitamin D: 68%, insufficient vitamin D: 32%, deficient vitamin D: 0%",,,,"healthcare professionals employed in psychiatric and somatic hospitals, ages 18-65 years old, 8 points or more on question no. 2 of the Seasonal Pattern Assessment Questionnaire (SPAQ-SAD)",depression,,SAD,43,vitamin D,70 ug,daily,2800 IU,2,22,12,SIGH-SAD,22,18.7,9.3,16,12.3,,,44.2,0,No substantial differences at 12 weeks,none,low,low,low,low,high,low,high,some concerns,,gain scores,-6.4,7.3,,,,,,0,0,,,
Frandsen/2014/Denmark,Vitamin D supplementation for treatment of seasonal affective symptoms in healthcare professionals: a double-blind randomised placebo-controlled trial,Randomized Controlled Trial,yes,depression,"18-65, healthcare professionals employed in psychiatric and somatic hospitals with 8 points or more on question 2 SPAQ-SAD",25(OH)D: 0,"normal vitamin D: 68%, insufficient vitamin D: 32%, deficient vitamin D: 0%",,,,"healthcare professionals employed in psychiatric and somatic hospitals, ages 18-65 years old, 8 points or more on question no. 2 of the Seasonal Pattern Assessment Questionnaire (SPAQ-SAD)",depression,,SAD,43,placebo,,daily,,2,21,13,SIGH-SAD,21,18.6,8.3,18,11.8,,,44.4,11,No substantial differences at 12 weeks,none,low,low,low,low,high,low,high,some concerns,,gain scores,-6.8,9.5,,,,,,0,0,,,
Penckofer/2022/USA,Vitamin D Supplementation for the Treatment of Depressive Symptoms in Women with Type 2 Diabetes: A Randomized Clinical Trial,Randomized Controlled Trial,yes,depression,"21 and older, diabetic female patients with depression, outpatient",,25(OH)D: 20.63 ng/mL,25(OH)D: 6.60 ng/mL,25(OH)D: 54.25 ng/mL,25(OH)D: 6.60 ng/mL," (1) female aged 21 and older, (2) having significantly elevated depressive symptoms at screening as measured by a score ≥ 16 on the Center for Epidemiologic Studies Depression Tool (CES-D) or taking an antidepressant medication and having a CES-D score ≥ 12, (3) T2D and under the care of a health care provider, and (4) serum 25-hydroxyvitamin D [25 (OH) D < 32 ng/mL.",depression,vitamin D,,129,vitamin D,50000 IU,weekly,7142.8571428571 IU,2,65,26,CES-D,65,28.72,8.5,62,16.22,9.448809449,1.2,50.02,0," no difference in the dosing effect of
vitamin D3 supplementation for treatment of depressive
symptoms in women with T2D who present with significant
symptoms and low vitamin D. ","21: 3 passive SI, 14 had >30% increase in CES-D, 2 elevated vitamin D (>=100 ng/mL), 1 hypercalcemia (>10.5mg/dL), 6 elevated systolic BP (>=160mm Hg), 1 significant increase in Hgba1c (3%), 1 significant increase in Cr (25%)",low,low,low,low,low,some concerns,low,low,,gain scores,-12.5,12.0065,,,,,,0.11,7,,,
Penckofer/2022/USA,Vitamin D Supplementation for the Treatment of Depressive Symptoms in Women with Type 2 Diabetes: A Randomized Clinical Trial,Randomized Controlled Trial,yes,depression,"21 and older, diabetic female patients with depression, outpatient",,25(OH)D: 18.61 ng/mL,25(OH)D: 6.66 ng/mL,25(OH)D: 26.71 ng/mL,25(OH)D: 6.66 ng/mL," (1) female aged 21 and older, (2) having significantly elevated depressive symptoms at screening as measured by a score ≥ 16 on the Center for Epidemiologic Studies Depression Tool (CES-D) or taking an antidepressant medication and having a CES-D score ≥ 12, (3) T2D and under the care of a health care provider, and (4) serum 25-hydroxyvitamin D [25 (OH) D < 32 ng/mL.",depression,vitamin D,,129,vitamin D,5000 IU,weekly,714.28571428571 IU,2,64,26,CES-D,64,28.41,8.39,57,15.1118,8.984302978,1.19,51.14,0," no difference in the dosing effect of
vitamin D3 supplementation for treatment of depressive
symptoms in women with T2D who present with significant
symptoms and low vitamin D. ","21: 3 passive SI, 14 had >30% increase in CES-D, 2 elevated vitamin D (>=100 ng/mL), 1 hypercalcemia (>10.5mg/dL), 6 elevated systolic BP (>=160mm Hg), 1 significant increase in Hgba1c (3%), 1 significant increase in Cr (25%)",low,low,low,low,low,some concerns,low,low,,gain scores,-13.2982,10.2312,,,,,,0.087719298,5,,,
Penckofer/2022/USA,Vitamin D Supplementation for the Treatment of Depressive Symptoms in Women with Type 2 Diabetes: A Randomized Clinical Trial,Randomized Controlled Trial,yes,depression,"21 and older, diabetic female patients with depression, outpatient",,25(OH)D: 20.63 ng/mL,,25(OH)D: 54.25 ng/mL,25(OH)D: 6.60 ng/mL," (1) female aged 21 and older, (2) having significantly elevated depressive symptoms at screening as measured by a score ≥ 16 on the Center for Epidemiologic Studies Depression Tool (CES-D) or taking an antidepressant medication and having a CES-D score ≥ 12, (3) T2D and under the care of a health care provider, and (4) serum 25-hydroxyvitamin D [25 (OH) D < 32 ng/mL.",depression,vitamin D,,129,vitamin D,50000 IU,weekly,7142.8571428571 IU,2,65,26,PHQ-9,65,11.74,4.29,62,,,,50.02,0," no difference in the dosing effect of
vitamin D3 supplementation for treatment of depressive
symptoms in women with T2D who present with significant
symptoms and low vitamin D. ","21: 3 passive SI, 14 had >30% increase in CES-D, 2 elevated vitamin D (>=100 ng/mL), 1 hypercalcemia (>10.5mg/dL), 6 elevated systolic BP (>=160mm Hg), 1 significant increase in Hgba1c (3%), 1 significant increase in Cr (25%)",low,low,low,low,low,some concerns,low,low,,OLS,-0.46,4.245592805,0.32817907,3,,,,0.11,7,,,
Penckofer/2022/USA,Vitamin D Supplementation for the Treatment of Depressive Symptoms in Women with Type 2 Diabetes: A Randomized Clinical Trial,Randomized Controlled Trial,yes,depression,"21 and older, diabetic female patients with depression, outpatient",,25(OH)D: 18.61 ng/mL,,25(OH)D: 26.71 ng/mL,25(OH)D: 6.66 ng/mL," (1) female aged 21 and older, (2) having significantly elevated depressive symptoms at screening as measured by a score ≥ 16 on the Center for Epidemiologic Studies Depression Tool (CES-D) or taking an antidepressant medication and having a CES-D score ≥ 12, (3) T2D and under the care of a health care provider, and (4) serum 25-hydroxyvitamin D [25 (OH) D < 32 ng/mL.",depression,vitamin D,,129,vitamin D,5000 IU,weekly,714.28571428571 IU,2,64,26,PHQ-9,64,11.91,4.2,57,,,,51.14,0," no difference in the dosing effect of
vitamin D3 supplementation for treatment of depressive
symptoms in women with T2D who present with significant
symptoms and low vitamin D. ","21: 3 passive SI, 14 had >30% increase in CES-D, 2 elevated vitamin D (>=100 ng/mL), 1 hypercalcemia (>10.5mg/dL), 6 elevated systolic BP (>=160mm Hg), 1 significant increase in Hgba1c (3%), 1 significant increase in Cr (25%)",low,low,low,low,low,some concerns,low,low,,,0,4.245592805,0.32817907,,,,,0.087719298,5,,,
Walker/2010/Australia,"Mental health literacy, folic acid and Vitamin B12, and physical activity for the prevention of depression in older adults: randomised controlled trial",Randomized Controlled Trial,yes,depression,60-74yos with elevated pyschological distress,,,,,,"60-74yos with elevated pyschological distress not currently taking folic acid, vitB, b12, or b complex",none,,,909,"vitamin b12, vitamin B9","400 mcg, 100 mcg",daily,"400 mcg, 100 mcg",2,447,52,PHQ-9,447,5.37,4.21,447,4,4.27,,65.92,40.5,"Neither FA+B12 nor physical activity reduced depressive symptoms at any timepoint. At 6wks, depressive symptoms were lower for the mental health literacy intervention compared with its control condition",no significant AEs related to the study,low,low,low,low,low,low,some concerns,low,,OLS,0.043,4.27,0.298,5,,,,0,0,,,
Walker/2010/Australia,"Mental health literacy, folic acid and Vitamin B12, and physical activity for the prevention of depression in older adults: randomised controlled trial",Randomized Controlled Trial,yes,depression,60-74yos with elevated pyschological distress,,,,,,"60-74yos with elevated pyschological distress not currently taking folic acid, vitB, b12, or b complex",none,,,909,placebo,,daily,,2,453,52,PHQ-9,453,5.58,4.27,453,4.3,4.27,,65.97,39.1,"Neither FA+B12 nor physical activity reduced depressive symptoms at any timepoint. At 6wks, depressive symptoms were lower for the mental health literacy intervention compared with its control condition",no significant AEs related to the study,low,low,low,low,low,low,some concerns,low,,,0,4.27,0.298,,,,,0,0,,,
Bhudia/2006/USA,Magnesium as a neuroprotectant in cardiac surgery: a randomized clinical trial,Randomized Controlled Trial,yes,depression,Patients undergoing elective on-pump cardiac procedures,,,,,,"Adults undergoing elective on-pump CABG, valve surgery, or combined with no preop afib or renal impairment",none,,CABG,350,magnesium,"780 mg (32 mmol) of MgSO4 in 100 mL of normal saline intravenously over 15 minutes during anesthesia induction, followed by 3160 mg (130 mmol) in 100 mL of normal saline over 24 hours. The CPB circuit was primed with MgSO4 to a concentration of 3.6 mg/dL. The plasma magnesium level was measured every 15 minutes during CPB. If it decreased to less than 3.6 mg/dL, MgSO4 was administered to achieve levels between 3.6 and 4.8 mg/dL","
perioperative and postoperative: initial 15 mins, then over 24 hours, checked every 15 mins",3940 mg,2,174,13,Beck Depression Inventory,174,8.536787461,13.3165852,132,6.439605321,14.1605075,,62,80,Mg did not influence depressive symptomatology at 3 months post-op,none observed,some concerns,high,low,some concerns,low,some concerns,some concerns,some concerns,,,,,,,,,,0,0,,,
Bhudia/2006/USA,Magnesium as a neuroprotectant in cardiac surgery: a randomized clinical trial,Randomized Controlled Trial,yes,depression,Patients undergoing elective on-pump cardiac procedures,,,,,,"Adults undergoing elective on-pump CABG, valve surgery, or combined with no preop afib or renal impairment",none,,CABG,350,placebo,normal saline IV in CPG circuit over 24hrs,"
perioperative and postoperative: initial 15 mins, then over 24 hours, checked every 15 mins",,2,176,13,Beck Depression Inventory,176,8.619516025,13.6975426,141,7.018705268,14.7817455,,63,82,Mg did not influence depressive symptomatology at 3 months post-op,none observed,some concerns,high,low,some concerns,low,some concerns,some concerns,some concerns,,,,,,,,,,0,0,,,
Wang/2023/AUS,Long-term effects of vitamin D supplementation and maintaining sufficient vitamin D on knee osteoarthritis over 5 years,Randomized Controlled Trial,yes,depression,patients with knee OA ,,,,,,Patients with knee OA and have enrolled in VIDEO trial (lead-in study),none,,osteoarthritis,173,vitamin D,50000 IU,monthly,1639.3442622951 IU,2,92,104,PHQ-9,92,3.1,3.3,92,2.6,,,68.9,51,"among participants who reported no knee surgery (KS), there was a significant improvement in WOMAC function (β:−83.7, 95% CI:−167.3, 0) and depression scores (β:−1.3, 95% CI:−2.3,−0.2) in vitamin D group compared to the placebo group.",not reported,some concerns,some concerns,some concerns,some concerns,some concerns,low,low,high,,OLS,-0.8,0,0.481272435,8,gain scores,-0.5,2.897233194,,,,,
Wang/2023/AUS,Long-term effects of vitamin D supplementation and maintaining sufficient vitamin D on knee osteoarthritis over 5 years,Randomized Controlled Trial,yes,depression,patients with knee OA ,,,,,,Patients with knee OA and have enrolled in VIDEO trial (lead-in study),none,,osteoarthritis,173,placebo,,,,2,81,104,PHQ-9,81,2.8,2.9,80,3,,,66.7,52,"among participants who reported no knee surgery (KS), there was a significant improvement in WOMAC function (β:−83.7, 95% CI:−167.3, 0) and depression scores (β:−1.3, 95% CI:−2.3,−0.2) in vitamin D group compared to the placebo group.",not reported,some concerns,some concerns,some concerns,some concerns,some concerns,low,low,high,,,0,0,,,gain scores,0.2,2.920835051,,,,,
Bagis/2013/Turkey,"Is Magnesium citrate treatment effective on pain, clinical parameters and functional status in patients with fibromyalgia?",Randomized Controlled Trial,no,depression,patients with fibromyalgia; healthy normal controls,,magnesium: 1.86 mg/dL,magnesium: 0.25 mg/dL,magnesium: 2.05 mg/dL,magnesium: 0.19 mg/dL,"women with fibromyalgia and no systemic diseases (i.e. DM, HTN, thyroid d/o), inflammatory rheumatic disease, no smoking/alcohol consumption",depression,,firbromyalgia,80,magnesium ,300 mg,daily,300 mg,4,20,8,Beck Depression Inventory,20,12.88,7.57,20,8,5.33,,40.18,0,Difficult to extrapolate results of this study as there was no comparison of treatment to placebo and the control group was a different population (nonfibromyalgia) so there is no way to rule out placebo effect. Study is confounded by use of amitriptyline which was known antidepressant and antianxiety medication. Study does not clarify any blinding.,a few patients reported minimal GI disorders but SAEs were not seen,high,some concerns,high,high,low,some concerns,low,high,,,,,,,,,,,,>=,1,
Bagis/2013/Turkey,"Is Magnesium citrate treatment effective on pain, clinical parameters and functional status in patients with fibromyalgia?",Randomized Controlled Trial,no,depression,patients with fibromyalgia; healthy normal controls,,magnesium: 1.94 mg/dL,magnesium: 0.15 mg/dL,,,"women with fibromyalgia and no systemic diseases (i.e. DM, HTN, thyroid d/o), inflammatory rheumatic disease, no smoking/alcohol consumption",depression,,firbromyalgia,80,amitriptyline,10 mg,daily,10 mg,4,20,8,Beck Depression Inventory,20,15.25,11.44,20,9.75,9.01,,42.08,0,Difficult to extrapolate results of this study as there was no comparison of treatment to placebo and the control group was a different population (nonfibromyalgia) so there is no way to rule out placebo effect. Study is confounded by use of amitriptyline which was known antidepressant and antianxiety medication. Study does not clarify any blinding.,"headache, gastric d/o, irritable bowel, cramps",high,some concerns,high,high,low,some concerns,low,high,,,,,,,,,,,,>=,1,
Bagis/2013/Turkey,"Is Magnesium citrate treatment effective on pain, clinical parameters and functional status in patients with fibromyalgia?",Randomized Controlled Trial,no,depression,patients with fibromyalgia; healthy normal controls,,magnesium: 1.79 mg/dL,magnesium: 0.18 mg/dL,,,"women with fibromyalgia and no systemic diseases (i.e. DM, HTN, thyroid d/o), inflammatory rheumatic disease, no smoking/alcohol consumption",depression,,firbromyalgia,80,"magnesium, amitriptyline","300 mg, 10 mg",daily,"300 mg, 10 mg",4,20,8,Beck Depression Inventory,20,16.89,8.17,20,12.11,9.41,,40.72,0,Difficult to extrapolate results of this study as there was no comparison of treatment to placebo and the control group was a different population (nonfibromyalgia) so there is no way to rule out placebo effect. Study is confounded by use of amitriptyline which was known antidepressant and antianxiety medication. Study does not clarify any blinding.,"headache, gastric d/o, irritable bowel, cramps",high,some concerns,high,high,low,some concerns,low,high,,,,,,,,,,,,>=,1,
Bagis/2013/Turkey,"Is Magnesium citrate treatment effective on pain, clinical parameters and functional status in patients with fibromyalgia?",Case Control,no,depression,patients with fibromyalgia; healthy normal controls,,magnesium: 2.04 mg/dL,magnesium: 0.19 mg/dL,,,"women with fibromyalgia and no systemic diseases (i.e. DM, HTN, thyroid d/o), inflammatory rheumatic disease, no smoking/alcohol consumption",depression,,firbromyalgia,80,none,,daily,,4,20,8,Beck Depression Inventory,20,6.83,4.91,20,,,,36.61,0,Difficult to extrapolate results of this study as there was no comparison of treatment to placebo and the control group was a different population (nonfibromyalgia) so there is no way to rule out placebo effect. Study is confounded by use of amitriptyline which was known antidepressant and antianxiety medication. Study does not clarify any blinding.,"headache, gastric d/o, irritable bowel, cramps",high,some concerns,high,high,low,some concerns,low,high,,,,,,,,,,,,>=,1,
Bagis/2013/Turkey,"Is Magnesium citrate treatment effective on pain, clinical parameters and functional status in patients with fibromyalgia?",Randomized Controlled Trial,no,anxiety,patients with fibromyalgia; healthy normal controls,,magnesium: 1.86 mg/dL,magnesium: 0.25 mg/dL,magnesium: 2.05 mg/dL,magnesium: 0.19 mg/dL,"women with fibromyalgia and no systemic diseases (i.e. DM, HTN, thyroid d/o), inflammatory rheumatic disease, no smoking/alcohol consumption",depression,,firbromyalgia,80,magnesium ,300 mg,daily,300 mg,4,20,8,BAI,20,21.58,10.43,20,18.76,10.84,,40.18,0,Difficult to extrapolate results of this study as there was no comparison of treatment to placebo and the control group was a different population (nonfibromyalgia) so there is no way to rule out placebo effect. Study is confounded by use of amitriptyline which was known antidepressant and antianxiety medication. Study does not clarify any blinding.,a few patients reported minimal GI disorders but SAEs were not seen,high,some concerns,high,high,low,some concerns,low,high,,,,,,,,,,,,>=,1,
Bagis/2013/Turkey,"Is Magnesium citrate treatment effective on pain, clinical parameters and functional status in patients with fibromyalgia?",Randomized Controlled Trial,no,anxiety,patients with fibromyalgia; healthy normal controls,,magnesium: 1.94 mg/dL,magnesium: 0.15 mg/dL,,,"women with fibromyalgia and no systemic diseases (i.e. DM, HTN, thyroid d/o), inflammatory rheumatic disease, no smoking/alcohol consumption",depression,,firbromyalgia,80,amitriptyline,10 mg,daily,10 mg,4,20,8,BAI,20,21.16,10.8,20,14.58,9.27,,42.08,0,Difficult to extrapolate results of this study as there was no comparison of treatment to placebo and the control group was a different population (nonfibromyalgia) so there is no way to rule out placebo effect. Study is confounded by use of amitriptyline which was known antidepressant and antianxiety medication. Study does not clarify any blinding.,"headache, gastric d/o, irritable bowel, cramps",high,some concerns,high,high,low,some concerns,low,high,,,,,,,,,,,,>=,1,
Bagis/2013/Turkey,"Is Magnesium citrate treatment effective on pain, clinical parameters and functional status in patients with fibromyalgia?",Randomized Controlled Trial,no,anxiety,patients with fibromyalgia; healthy normal controls,,magnesium: 1.79 mg/dL,magnesium: 0.18 mg/dL,,,"women with fibromyalgia and no systemic diseases (i.e. DM, HTN, thyroid d/o), inflammatory rheumatic disease, no smoking/alcohol consumption",depression,,firbromyalgia,80,"magnesium, amitriptyline","300 mg, 10 mg",daily,"300 mg, 10 mg",4,20,8,BAI,20,25.05,10.22,20,18.44,8.65,,40.72,0,Difficult to extrapolate results of this study as there was no comparison of treatment to placebo and the control group was a different population (nonfibromyalgia) so there is no way to rule out placebo effect. Study is confounded by use of amitriptyline which was known antidepressant and antianxiety medication. Study does not clarify any blinding.,"headache, gastric d/o, irritable bowel, cramps",high,some concerns,high,high,low,some concerns,low,high,,,,,,,,,,,,>=,1,
Bagis/2013/Turkey,"Is Magnesium citrate treatment effective on pain, clinical parameters and functional status in patients with fibromyalgia?",Case Control,no,anxiety,patients with fibromyalgia; healthy normal controls,,magnesium: 2.04 mg/dL,magnesium: 0.19 mg/dL,,,"women with fibromyalgia and no systemic diseases (i.e. DM, HTN, thyroid d/o), inflammatory rheumatic disease, no smoking/alcohol consumption",depression,,firbromyalgia,80,none,,daily,,4,20,8,BAI,20,8.11,9.47,20,,,,36.61,0,Difficult to extrapolate results of this study as there was no comparison of treatment to placebo and the control group was a different population (nonfibromyalgia) so there is no way to rule out placebo effect. Study is confounded by use of amitriptyline which was known antidepressant and antianxiety medication. Study does not clarify any blinding.,"headache, gastric d/o, irritable bowel, cramps",high,some concerns,high,high,low,some concerns,low,high,,,,,,,,,,,,>=,1,
Amini/2023/Iran,Investigating the effect of zinc supplementation on probability of relapse and mental health in patients with opioid use disorder undergoing methadone maintenance treatment,Randomized Controlled Trial,no,depression,adults with OUD on MMT,,,,,,adults with OUD on MMT with no chronic mental illnesses,depression,,OUD,68,zinc,12 mg,daily,12 mg,2,40,12,"DASS-21, depression",34,29.47,6.75,34,26.29,7,,39.5,73.5,"
compared to the control group, the likelihood of drug use (p=0.01), drug craving (p=0.002), and the RPS total score (p=0.002) in the intervention group was significantly lower. Moreover, the results revealed a significant decreasing trend in depression (p=0.01), anxiety (p<0.001), stress (p=0.001), and the DASS-21 total score (p=0.001) in the intervention. Compared to the control group, the DASS-21 total score (p<0.001) in the intervention group was significantly lower.",not reported,low,low,high,high,low,low,low,high,,partial eta squared,0.013,,,1,,,,,,,,
Amini/2023/Iran,Investigating the effect of zinc supplementation on probability of relapse and mental health in patients with opioid use disorder undergoing methadone maintenance treatment,Randomized Controlled Trial,no,depression,adults with OUD on MMT,,,,,,adults with OUD on MMT with no chronic mental illnesses,depression,,OUD,68,placebo,,,,2,40,12,"DASS-21, depression",34,27.05,7.97,34,27.58,5.34,,39.5,73.5,"
compared to the control group, the likelihood of drug use (p=0.01), drug craving (p=0.002), and the RPS total score (p=0.002) in the intervention group was significantly lower. Moreover, the results revealed a significant decreasing trend in depression (p=0.01), anxiety (p<0.001), stress (p=0.001), and the DASS-21 total score (p=0.001) in the intervention. Compared to the control group, the DASS-21 total score (p<0.001) in the intervention group was significantly lower.",not reported,low,low,high,high,low,low,low,high,,,,,,,,,,,,,,
Amini/2023/Iran,Investigating the effect of zinc supplementation on probability of relapse and mental health in patients with opioid use disorder undergoing methadone maintenance treatment,Randomized Controlled Trial,no,anxiety,adults with OUD on MMT,,,,,,adults with OUD on MMT with no chronic mental illnesses,depression,,OUD,68,zinc,12 mg,daily,12 mg,2,40,12,"DASS-21, anxiety",34,26.64,7.43,34,21.38,6.14,,39.5,73.5,"
compared to the control group, the likelihood of drug use (p=0.01), drug craving (p=0.002), and the RPS total score (p=0.002) in the intervention group was significantly lower. Moreover, the results revealed a significant decreasing trend in depression (p=0.01), anxiety (p<0.001), stress (p=0.001), and the DASS-21 total score (p=0.001) in the intervention. Compared to the control group, the DASS-21 total score (p<0.001) in the intervention group was significantly lower.",not reported,low,low,high,high,low,low,low,high,,partial eta squared,0.021,,,1,,,,,,,,
Amini/2023/Iran,Investigating the effect of zinc supplementation on probability of relapse and mental health in patients with opioid use disorder undergoing methadone maintenance treatment,Randomized Controlled Trial,no,anxiety,adults with OUD on MMT,,,,,,adults with OUD on MMT with no chronic mental illnesses,depression,,OUD,68,placebo,,,,2,40,12,"DASS-21, anxiety",34,24.17,7.09,34,26,6.51,,39.5,73.5,"
compared to the control group, the likelihood of drug use (p=0.01), drug craving (p=0.002), and the RPS total score (p=0.002) in the intervention group was significantly lower. Moreover, the results revealed a significant decreasing trend in depression (p=0.01), anxiety (p<0.001), stress (p=0.001), and the DASS-21 total score (p=0.001) in the intervention. Compared to the control group, the DASS-21 total score (p<0.001) in the intervention group was significantly lower.",not reported,low,low,high,high,low,low,low,high,,,,,,,,,,,,,,
Nazarinasab/2022/Iran,Investigating the effect of Magnesium supplement in patients with major depressive disorder under selective serotonin reuptake inhibitor treatment,Randomized Controlled Trial,yes,depression,Adults with MDD on SSRIs,,,,,,"adults with MDD on SSRIs with no drugs/alcohol use, MAOI",depression,,,66,magnesium,250 mg,daily,250 mg,2,33,6,BDI-II,30,36.1,4.54,30,16.68,2.37,,38.03,40,"Both groups had improved in depressive symptoms by weeks 4 and 6 compared to intragroup baseline scores (remember both groups also got SSRIs). Comparing magnesium to placebo, magnesium group had significantly lower BDI-II scores compared to placebo at weeks 4 and 6 (p = 0.02, 0.001 respectively).",none reported,low,low,low,low,some concerns,low,low,some concerns,,,,,,,,,,0,0,,,
Nazarinasab/2022/Iran,Investigating the effect of Magnesium supplement in patients with major depressive disorder under selective serotonin reuptake inhibitor treatment,Randomized Controlled Trial,yes,depression,Adults with MDD on SSRIs,,,,,,"adults with MDD on SSRIs with no drugs/alcohol use, MAOI",depression,,,66,placebo,,,,2,33,6,BDI-II,30,36.13,4.73,30,19.36,2.7,,38.8,30,"Both groups had improved in depressive symptoms by weeks 4 and 6 compared to intragroup baseline scores (remember both groups also got SSRIs). Comparing magnesium to placebo, magnesium group had significantly lower BDI-II scores compared to placebo at weeks 4 and 6 (p = 0.02, 0.001 respectively).",none reported,low,low,low,low,some concerns,low,low,some concerns,,,,,,,,,,0,0,,,
deKoning/2019/Netherlands,"Vitamin D supplementation for the prevention of depression and poor physical function in older persons: the D-Vitaal study, a randomized clinical trial",Randomized Controlled Trial,yes,depression,"60-80, depressive symptoms and >= 1 functional limitation without MDD diagnosis or antidepressant meds, or vitamin D, outpatient",25(OH)D: 0.61,25(OH)D: 45.167 nmol/L,25(OH)D: 18.50974029 nmol/L,25(OH)D: 85 nmol/L,25(OH)D: 16 nmol/L,"Inclusion criteria were presence of depressive symptoms
[as indicated by a Center of Epidemiological Studies–Depression
scale (CES-D) score of ≥16], ≥1 functional limitation (e.g.,
difficulties with walking, climbing stairs, or dressing oneself),
and a serum 25(OH)D concentration between 15 and 50 nmol/L
in winter (October–March) or between 15 and 70 nmol/L in
summer (April–September).  Persons with a current major depressive disorder (MDD)
diagnosis or life-threatening illness as well as persons currently
using antidepressant medication, vitamin D supplements of >400
IU/d, or calcium supplements of >1000 mg/d were excluded",depression,vitamin D,,155,vitamin D,1200 IU,daily,1200 IU,2,77,52,CES-D,77,22.25,6.61062153,75,16.94,4.416729559,0.51,67.8,41.6,"supplementation increased serum 25(OH)D
concentrations in the intervention group to a mean of 85 nmol/L
after 6 mo, whereas the placebo group remained stable at a mean
of 43 nmol/L. However, the intervention had no significant effect
on depressive symptoms, physical performance, the severity of
functional limitations, or any of the secondary outcomes of
the study (anxiety symptoms, cognitive functioning, mobility,
grip strength, HR-QoL",none,low,low,low,low,low,low,low,low,,OLS,-0.14,4.387715463,1.123285289,5,,,,0,0,,,
deKoning/2019/Netherlands,"Vitamin D supplementation for the prevention of depression and poor physical function in older persons: the D-Vitaal study, a randomized clinical trial",Randomized Controlled Trial,yes,depression,"60-80, depressive symptoms and >= 1 functional limitation without MDD diagnosis or antidepressant meds, or vitamin D, outpatient",25(OH)D: 0.667,25(OH)D: 45.083 nmol/L,25(OH)D: 14.53982321 nmol/L,25(OH)D: 43 nmol/L,25(OH)D: 19 nmol/L,"Inclusion criteria were presence of depressive symptoms
[as indicated by a Center of Epidemiological Studies–Depression
scale (CES-D) score of ≥16], ≥1 functional limitation (e.g.,
difficulties with walking, climbing stairs, or dressing oneself),
and a serum 25(OH)D concentration between 15 and 50 nmol/L
in winter (October–March) or between 15 and 70 nmol/L in
summer (April–September).  Persons with a current major depressive disorder (MDD)
diagnosis or life-threatening illness as well as persons currently
using antidepressant medication, vitamin D supplements of >400
IU/d, or calcium supplements of >1000 mg/d were excluded",depression,vitamin D,,155,placebo,,,,2,78,52,CES-D,78,22.33,6.04252393,76,16.35,4.358898944,0.5,67.6,43.6,"supplementation increased serum 25(OH)D
concentrations in the intervention group to a mean of 85 nmol/L
after 6 mo, whereas the placebo group remained stable at a mean
of 43 nmol/L. However, the intervention had no significant effect
on depressive symptoms, physical performance, the severity of
functional limitations, or any of the secondary outcomes of
the study (anxiety symptoms, cognitive functioning, mobility,
grip strength, HR-QoL",none,low,low,low,low,low,low,low,low,,,0,4.387715463,1.123285289,5,,,,0,0,,,
deKoning/2019/Netherlands,"Vitamin D supplementation for the prevention of depression and poor physical function in older persons: the D-Vitaal study, a randomized clinical trial",Randomized Controlled Trial,yes,anxiety,"60-80, depressive symptoms and >= 1 functional limitation without MDD diagnosis or antidepressant meds, or vitamin D, outpatient",25(OH)D: 0.61,25(OH)D: 45.167 nmol/L,25(OH)D: 18.50974029 nmol/L,25(OH)D: 85 nmol/L,25(OH)D: 16 nmol/L,"Inclusion criteria were presence of depressive symptoms
[as indicated by a Center of Epidemiological Studies–Depression
scale (CES-D) score of ≥16], ≥1 functional limitation (e.g.,
difficulties with walking, climbing stairs, or dressing oneself),
and a serum 25(OH)D concentration between 15 and 50 nmol/L
in winter (October–March) or between 15 and 70 nmol/L in
summer (April–September).  Persons with a current major depressive disorder (MDD)
diagnosis or life-threatening illness as well as persons currently
using antidepressant medication, vitamin D supplements of >400
IU/d, or calcium supplements of >1000 mg/d were excluded",depression,vitamin D,,155,vitamin D,1200 IU,daily,1200 IU,2,77,52,Log BAI,77,2.397895273,0.708971791,75,,,,67.8,41.6,"supplementation increased serum 25(OH)D
concentrations in the intervention group to a mean of 85 nmol/L
after 6 mo, whereas the placebo group remained stable at a mean
of 43 nmol/L. However, the intervention had no significant effect
on depressive symptoms, physical performance, the severity of
functional limitations, or any of the secondary outcomes of
the study (anxiety symptoms, cognitive functioning, mobility,
grip strength, HR-QoL",none,low,low,low,low,low,low,low,low,,OLS,0.029558802,0.73804449,0.054231252,5,,,,0,0,,,
deKoning/2019/Netherlands,"Vitamin D supplementation for the prevention of depression and poor physical function in older persons: the D-Vitaal study, a randomized clinical trial",Randomized Controlled Trial,yes,anxiety,"60-80, depressive symptoms and >= 1 functional limitation without MDD diagnosis or antidepressant meds, or vitamin D, outpatient",25(OH)D: 0.667,25(OH)D: 45.083 nmol/L,25(OH)D: 14.53982321 nmol/L,25(OH)D: 43 nmol/L,25(OH)D: 19 nmol/L,"Inclusion criteria were presence of depressive symptoms
[as indicated by a Center of Epidemiological Studies–Depression
scale (CES-D) score of ≥16], ≥1 functional limitation (e.g.,
difficulties with walking, climbing stairs, or dressing oneself),
and a serum 25(OH)D concentration between 15 and 50 nmol/L
in winter (October–March) or between 15 and 70 nmol/L in
summer (April–September).  Persons with a current major depressive disorder (MDD)
diagnosis or life-threatening illness as well as persons currently
using antidepressant medication, vitamin D supplements of >400
IU/d, or calcium supplements of >1000 mg/d were excluded",depression,vitamin D,,155,placebo,,,,2,78,52,Log BAI,78,2.477378383,0.765657887,76,,,,67.6,43.6,"supplementation increased serum 25(OH)D
concentrations in the intervention group to a mean of 85 nmol/L
after 6 mo, whereas the placebo group remained stable at a mean
of 43 nmol/L. However, the intervention had no significant effect
on depressive symptoms, physical performance, the severity of
functional limitations, or any of the secondary outcomes of
the study (anxiety symptoms, cognitive functioning, mobility,
grip strength, HR-QoL",none,low,low,low,low,low,low,low,low,,,0.029558802,0.73804449,0.054231252,5,,,,0,0,,,
Alghamdi/2020/Saudi Arabia,Vitamin D Supplementation Ameliorates Severity of Major Depressive Disorder,Randomized Controlled Trial,no,depression,"18-65, patients with MDD at hospital clinic",,25(OH)D: 45.68347565 nmol/L,25(OH)D: 27.8572476 nmol/L,25(OH)D: 94.31205474 nmol/L,25(OH)D: 42.3546917nmol/L,"patients from psychiatry clinic at King Abdulaziz university hospital, adults (18–65 years old) who have beendiagnosed with MDD according to criteria from the DSM-5 without abnormal PTH levels, renal, or hepatic impairment",depression,,,62,"vitamin D, TCA/SSRI","50000 IU, various","weekly, daily","7142.8571428571 IU, various",2,49,13,Beck Depression Inventory,49,,,49,,,,41.5,,Found reduced depression especially in those with more than mild depression,did not discuss,high,high,high,high,high,some concerns,high,high,,,,,,,,,,,,,,
Alghamdi/2020/Saudi Arabia,Vitamin D Supplementation Ameliorates Severity of Major Depressive Disorder,Randomized Controlled Trial,no,depression,"18-65, patients with MDD at hospital clinic",,25(OH)D: 53 nmol/L,25(OH)D: 22.12839709 nmol/L,25(OH)D: 50 nmol/L,25(OH)D: 36.6312673 nmol/L,"patients from psychiatry clinic at King Abdulaziz university hospital, adults (18–65 years old) who have beendiagnosed with MDD according to criteria from the DSM-5 without abnormal PTH levels, renal, or hepatic impairment",depression,,,62,TCA/SSRI,various,"weekly, daily",various,2,13,13,Beck Depression Inventory,13,,,13,,,,41.5,,Found reduced depression especially in those with more than mild depression,did not discuss,high,high,high,high,high,some concerns,high,high,,,,,,,,,,,,,,
Rouhi/2018/Iran,Vitamin D reduces postpartum depression and fatigue among Iranian women,Randomized Controlled Trial,yes,depression,"no ag range, depressed women post-partum",,,,,,"vaginal birth, scored ≥13 and ≥20 on the Edinburgh 
Postnatal Depression Scale and the Fatigue Identification Form.  no medical or surgical restrictions,  no history of psychiatric disorders, no prescribed medications and breastfeeding",depression,,post-partum,80,vitamin D,1000 IU,daily,1000 IU,2,40,26,EPDS,40,15.05,1.9,40,8.6,4.3,,24.7,0,"Six months after treatment, FIF scores among those 
randomised to the intervention group decreased by 12 
points or more (CI=4.38–7.71; P=0.001) and EPDS 
scores by 7 points (CI=3.02–5.35; P=0.001). There were 
no significant differences in mean FIF and EPDS scores 
in the control group.",did not discuss,low,low,low,low,low,low,low,low,,,,,,,,,,,,,,
Rouhi/2018/Iran,Vitamin D reduces postpartum depression and fatigue among Iranian women,Randomized Controlled Trial,yes,depression,"no ag range, depressed women post-partum",,,,,,"vaginal birth, scored ≥13 and ≥20 on the Edinburgh 
Postnatal Depression Scale and the Fatigue Identification Form.  no medical or surgical restrictions,  no history of psychiatric disorders, no prescribed medications and breastfeeding",depression,,post-partum,80,placebo,,daily,,2,40,26,EPDS,40,15.27,1.8,40,13.4,4.7,,24.8,0,"Six months after treatment, FIF scores among those 
randomised to the intervention group decreased by 12 
points or more (CI=4.38–7.71; P=0.001) and EPDS 
scores by 7 points (CI=3.02–5.35; P=0.001). There were 
no significant differences in mean FIF and EPDS scores 
in the control group.",did not discuss,low,low,low,low,low,low,low,low,,,,,,,,,,,,,,
Chassoux/2024/France,Vitamin D deficiency and effect of treatment on seizure frequency and quality of life parameters in patients with drug-resistant epilepsy: A randomized clinical trial,Randomized Controlled Trial,yes,depression,"15 and older, people with seizures",25(OH)D: 0.65,25(OH)D: 15.83 ng/mL,25(OH)D: 9.227158818 ng/mL,25(OH)D: 46.133 ng/mL,25(OH)D: 10.40065335 ng/mL,"Inclusion criteria were at least six unprovoked seizures in the previous 3 months; epilepsy syndrome unequivocally established; able to reliably quantify the seizure frequency (by self-report or family); antiseizure medication stable for 3 months prior to inclusion; no vitamin D treatment in the 6 months prior to inclusion; medication compliance; agreeing to participate in the study; having social insurance; and parental agreement if <18 years old or guardian if protected adult. Exclusion criteria were progressive brain pathology; status epilepticus in the 2 years prior to inclusion; pregnancy or breastfeeding; body mass index (BMI)<16.5 or>35; treatments influencing the metabolism of vitamin D (except 
antiseizure medication); known hypersensitivity to vitamin D; contraindication to treatment with Uvedose; current or past hypercalcemia; calcium lithiasis; moderate renal impairment; participation in other experimental drugs; and abuse of alcohol or drugs.",none,,,74,vitamin D,"100000 IU/15days for 2months then 100000 IU the 3rd month in EG, followed by a maintenance therapy set at 100000 IU/month for 6 months 
during the open-label period, and no supplementation 
for the last 3 months of the study. ",see dose,5494.5054945055 IU,2,40,13,HADS-D,40,5.333,3.84464951,38,5.166,,,43,30,"no differences during controlled portion, open label suggests maybe some improvement","The only adverse effect was a possible allergy with facial 
edema occurring after 2 days of vitamin D, which was discontinued.",low,low,low,low,low,low,some concerns,low,,gain scores,-0.167,2.70227041,,,,,,0.026315789,1,,,
Chassoux/2024/France,Vitamin D deficiency and effect of treatment on seizure frequency and quality of life parameters in patients with drug-resistant epilepsy: A randomized clinical trial,Randomized Controlled Trial,yes,depression,"16 and older, people with seizures",25(OH)D: 0.676,25(OH)D: 15.933 ng/mL,25(OH)D: 8.668084616 ng/mL,25(OH)D: 20.167 ng/mL,25(OH)D: 10.44813771 ng/mL,"Inclusion criteria were at least six unprovoked seizures in the previous 3 months; epilepsy syndrome unequivocally established; able to reliably quantify the seizure frequency (by self-report or family); antiseizure medication stable for 3 months prior to inclusion; no vitamin D treatment in the 6 months prior to inclusion; medication compliance; agreeing to participate in the study; having social insurance; and parental agreement if <18 years old or guardian if protected adult. Exclusion criteria were progressive brain pathology; status epilepticus in the 2 years prior to inclusion; pregnancy or breastfeeding; body mass index (BMI)<16.5 or>35; treatments influencing the metabolism of vitamin D (except antiseizure medication); known hypersensitivity to vitamin D; contraindication to treatment with Uvedose; current or past hypercalcemia; calcium lithiasis; moderate renal impairment; participation in other experimental drugs; and abuse of alcohol or drugs.""",none,,,74,placebo,,,,2,34,13,HADS-D,34,5,4.64361676,34,4.5,,,34.1,35.3,"no differences during controlled portion, open label suggests maybe some improvement","The only adverse effect was a possible allergy with facial 
edema occurring after 2 days of vitamin D, which was discontinued.",low,low,low,low,low,low,some concerns,low,,gain scores,-0.5,3.48728581,,,,,,0,0,,,
Chassoux/2024/France,Vitamin D deficiency and effect of treatment on seizure frequency and quality of life parameters in patients with drug-resistant epilepsy: A randomized clinical trial,Randomized Controlled Trial,yes,anxiety,"15 and older, people with seizures",25(OH)D: 0.65,25(OH)D: 15.83 ng/mL,25(OH)D: 9.227158818 ng/mL,25(OH)D: 46.133 ng/mL,25(OH)D: 10.40065335 ng/mL,"Inclusion criteria were at least six unprovoked seizures in the previous 3 months; epilepsy syndrome unequivocally established; able to reliably quantify the seizure frequency (by self-report or family); antiseizure medication stable for 3 months prior to inclusion; no vitamin D treatment in the 6 months prior to inclusion; medication compliance; agreeing to participate in the study; having social insurance; and parental agreement if <18 years old or guardian if protected adult. Exclusion criteria were progressive brain pathology; status epilepticus in the 2 years prior to inclusion; pregnancy or breastfeeding; body mass index (BMI)<16.5 or>35; treatments influencing the metabolism of vitamin D (except 
antiseizure medication); known hypersensitivity to vitamin D; contraindication to treatment with Uvedose; current or past hypercalcemia; calcium lithiasis; moderate renal impairment; participation in other experimental drugs; and abuse of alcohol or drugs.",none,,,74,vitamin D,"100000 IU/15days for 2months then 100000 IU the 3rd month in EG, followed by a maintenance therapy set at 100000 IU/month for 6 months 
during the open-label period, and no supplementation 
for the last 3 months of the study. ",see dose,5494.5054945055 IU,2,40,13,HADS-A,40,9.267,5.22872333,38,9.1,,,43,30,"no differences during controlled portion, open label suggests maybe some improvement","The only adverse effect was a possible allergy with facial 
edema occurring after 2 days of vitamin D, which was discontinued.",low,low,low,low,low,low,some concerns,low,,gain scores,-0.167,1.93019315,,,,,,0.026315789,1,,,
Chassoux/2024/France,Vitamin D deficiency and effect of treatment on seizure frequency and quality of life parameters in patients with drug-resistant epilepsy: A randomized clinical trial,Randomized Controlled Trial,yes,anxiety,"16 and older, people with seizures",25(OH)D: 0.676,25(OH)D: 15.933 ng/mL,25(OH)D: 8.668084616 ng/mL,25(OH)D: 20.167 ng/mL,25(OH)D: 10.44813771 ng/mL,"Inclusion criteria were at least six unprovoked seizures in the previous 3 months; epilepsy syndrome unequivocally established; able to reliably quantify the seizure frequency (by self-report or family); antiseizure medication stable for 3 months prior to inclusion; no vitamin D treatment in the 6 months prior to inclusion; medication compliance; agreeing to participate in the study; having social insurance; and parental agreement if <18 years old or guardian if protected adult. Exclusion criteria were progressive brain pathology; status epilepticus in the 2 years prior to inclusion; pregnancy or breastfeeding; body mass index (BMI)<16.5 or>35; treatments influencing the metabolism of vitamin D (except antiseizure medication); known hypersensitivity to vitamin D; contraindication to treatment with Uvedose; current or past hypercalcemia; calcium lithiasis; moderate renal impairment; participation in other experimental drugs; and abuse of alcohol or drugs.""",none,,,74,placebo,,,,2,34,13,HADS-A,34,8.767,3.63749979,34,7.5,,,34.1,35.3,"no differences during controlled portion, open label suggests maybe some improvement","The only adverse effect was a possible allergy with facial 
edema occurring after 2 days of vitamin D, which was discontinued.",low,low,low,low,low,low,some concerns,low,,gain scores,-1.267,1.704895285,,,,,,0,0,,,
Sharifi/2019/Iran,Vitamin D Decreases Beck Depression Inventory Score in Patients with Mild to Moderate Ulcerative Colitis: A Double-Blind Randomized Placebo-Controlled Trial,Randomized Controlled Trial,yes,depression,"unknown age range, patient's with ulcerative collitis",,25(OH)D: 33.3 ng/mL,25(OH)D: 7.0 ng/mL,25(OH)D: 40.8 ng/mL,25(OH)D: 5.2 ng/mL,"Finally, 90 mild to moderate UC patients were included. Participant’s UC disease had been diagnosed by standard clinical, radiographic, endoscopic, and histopathologic criteria, and at the time of study their disease statuses were mild to moderate based on Truelove and Witts’ severity index",none,,UC,90,vitamin D,300000 IU,once,3296.7032967033 IU,2,46,13,Beck Depression Inventory,46,12.8,5.6,46,8.5,6.2,,37.5,56.5,depression scores better in vitamin D group; did post-hoc subgroup analysis where maybe those with lower vitamin D had some benefit,did not discuss,some concerns,low,low,low,low,low,low,low,,,,,,,,,,,,,,
Sharifi/2019/Iran,Vitamin D Decreases Beck Depression Inventory Score in Patients with Mild to Moderate Ulcerative Colitis: A Double-Blind Randomized Placebo-Controlled Trial,Randomized Controlled Trial,yes,depression,"unknown age range, patient's with ulcerative collitis",,25(OH)D: 32.9 ng/mL,25(OH)D: 9.6 ng/mL,25(OH)D: 33.9 ng/mL,25(OH)D: 10.6 ng/mL,"Finally, 90 mild to moderate UC patients were included. Participant’s UC disease had been diagnosed by standard clinical, radiographic, endoscopic, and histopathologic criteria, and at the time of study their disease statuses were mild to moderate based on Truelove and Witts’ severity index",none,,UC,90,placebo,,,,2,44,13,Beck Depression Inventory,40,13.9,7.4,40,13.6,9.6,,35,56.8,depression scores better in vitamin D group; did post-hoc subgroup analysis where maybe those with lower vitamin D had some benefit,did not discuss,some concerns,low,low,low,low,low,low,low,,,,,,,,,,,,,,
Nguyen/2017/Vietnam,Impact of preconceptional micronutrient supplementation on maternal mental health during pregnancy and postpartum: results from a randomized controlled trial in Vietnam,Randomized Controlled Trial,yes,depression,women trying to get pregnant,,ferritin: 64.07 ug/L,,,,women 18-35yo married and trying to get pregnant in the next year,none,,women wanting to get pregnant,1813,"iron, vitamin B9","60 mg,  2800 ug",weekly,"8.5714285714 mg, 400 ug",3,526,104,CES-D,526,3.33,4.13,249,2.33,3.57,,25.9,0,inconclusive,none reported,low,low,low,low,low,low,low,low,reanalysis,OLS,0.19983675,3.375628,0.2989705,12,gain scores,-0.61,4.54,,,,,
Nguyen/2017/Vietnam,Impact of preconceptional micronutrient supplementation on maternal mental health during pregnancy and postpartum: results from a randomized controlled trial in Vietnam,Randomized Controlled Trial,yes,depression,women trying to get pregnant,,Ferritin: 66.31 ug/L,,,,women 18-35yo married and trying to get pregnant in the next year,none,,women wanting to get pregnant,1813,"multivitamin, iron, vitamin B9","15 micronutrients, 60 mg, 2800 ug",weekly,"various, 8.5714285714 mg, 400 ug",3,518,104,CES-D,518,3.42,4.58,240,2.27,3.35,,26.1,0,inconclusive,none reported,low,low,low,low,low,low,low,low,reanalysis,OLS,0.09321436,3.373362,0.3029466,12,gain scores,-0.862,4.91,,,,,
Nguyen/2017/Vietnam,Impact of preconceptional micronutrient supplementation on maternal mental health during pregnancy and postpartum: results from a randomized controlled trial in Vietnam,Randomized Controlled Trial,yes,depression,women trying to get pregnant,,Ferritin: 66.89 ug/L,,,,women 18-35yo married and trying to get pregnant in the next year,none,,women wanting to get pregnant,1813,vitamin B9,2800 ug,weekly,400 ug,3,572,104,CES-D,572,3.66,5.3,269,2.17,3.37,,25.8,0,inconclusive,none reported,low,low,low,low,low,low,low,low,reanalysis,,0,3.375628,0.2989705,12,gain scores,-1.26,5.72,,,,,
Nguyen/2017/Vietnam,Impact of preconceptional micronutrient supplementation on maternal mental health during pregnancy and postpartum: results from a randomized controlled trial in Vietnam,Randomized Controlled Trial,yes,depression,women trying to get pregnant,,ferritin: 64.07 ug/L,,,,women 18-35yo married and trying to get pregnant in the next year,none,,women wanting to get pregnant,1813,"iron, vitamin B9","60 mg,  2800 ug",weekly,"8.5714285714 mg, 400 ug",3,526,52,EPDS,526,,,452,0.5575221,1.913003,,25.9,0,inconclusive,none reported,low,low,low,low,low,low,low,low,reanalysis,LMM,0.2358882,2.006931,0.1723842,"0.2034895,4",,,,,,,,
Nguyen/2017/Vietnam,Impact of preconceptional micronutrient supplementation on maternal mental health during pregnancy and postpartum: results from a randomized controlled trial in Vietnam,Randomized Controlled Trial,yes,depression,women trying to get pregnant,,Ferritin: 66.31 ug/L,,,,women 18-35yo married and trying to get pregnant in the next year,none,,women wanting to get pregnant,1813,"multivitamin, iron, vitamin B9","15 micronutrients, 60 mg, 2800 ug",weekly,"various, 8.5714285714 mg, 400 ug",3,518,52,EPDS,518,,,449,0.6547884,1.567056,,26.1,0,inconclusive,none reported,low,low,low,low,low,low,low,low,reanalysis,LMM,0.2529688,2.006931,0.1725918,"0.2034895,4",,,,,,,,
Nguyen/2017/Vietnam,Impact of preconceptional micronutrient supplementation on maternal mental health during pregnancy and postpartum: results from a randomized controlled trial in Vietnam,Randomized Controlled Trial,yes,depression,women trying to get pregnant,,Ferritin: 66.89 ug/L,,,,women 18-35yo married and trying to get pregnant in the next year,none,,women wanting to get pregnant,1813,vitamin B9,2800 ug,weekly,400 ug,3,572,52,EPDS,572,,,487,0.587269,1.976217,,25.8,0,inconclusive,none reported,low,low,low,low,low,low,low,low,reanalysis,,0,2.006931,0.1723842,"0.2034895,4",,,,,,,,
Mousa/2018/Australia,Vitamin D and symptoms of depression in overweight or obese adults: A cross-sectional study and randomized placebo-controlled trial,Randomized Controlled Trial,yes,depression,"18-60, overweight or obese",,25(OH)D: 31.7 nmol/L,25(OH)D: 13 nmol/L,25(OH)D: 87.7 nmol/L,25(OH)D: 20.7 nmol/L,"aged 18 − 60 years, generally healthy on medical screening, overweight or obese (body mass index (BMI) ≥25 kg/m2; weight < 159 kg due to facility restrictions), with a stable weight ( < 5 kg change for 12 months prior to entering the study) and no intention to lose weight or change their diet or physical activity for the trial duration. Exclusion criteria included: smoking or regular alcohol consumption ( > 4 and > 2 standard drinks/week for men and women, respectively); use of medication, vitamins, or supplements; hypercalcemia or allergies; diabetes (previously diagnosed or based on oral glucose tolerance test [OGTT]) or any major diseases including psychiatric conditions or active cancer in the preceding 5 years; or presence of acute inflammation (based on medical history or physical or laboratory examination). Pregnant or lactating women and women experiencing menopause were excluded",none,vitamin D,obese,65,vitamin D,100000 IU bolus followed by 4000 IU daily,bolus/daily,4089.2857142857 IU,2,33,16,Beck Depression Inventory,26,6.333,5.49033249,26,5,5.49,,31.5,53.6,"vitamin D de ciency may not be related to increased risk of depression in in-
dividuals without clinically signi cant depression and that the use of vitamin D supplementation may not be
warranted for reducing depressive symptoms in this population","1, thrombophlebitis due to glucose infusion",low,low,low,some concerns,high,low,low,low,,OLS,1.7,4.579086201,1.114920172,6,gain scores,-2,4.5,,,<=,1,1
Mousa/2018/Australia,Vitamin D and symptoms of depression in overweight or obese adults: A cross-sectional study and randomized placebo-controlled trial,Randomized Controlled Trial,yes,depression,"18-60, overweight or obese",,25(OH)D: 35.0 nmol/L,25(OH)D: 9.5 nmol/L,25(OH)D: 37.9 nmol/L,25(OH)D: 14.2 nmol/L,"aged 18 − 60 years, generally healthy on medical screening, overweight or obese (body mass index (BMI) ≥25 kg/m2; weight < 159 kg due to facility restrictions), with a stable weight ( < 5 kg change for 12 months prior to entering the study) and no intention to lose weight or change their diet or physical activity for the trial duration. Exclusion criteria included: smoking or regular alcohol consumption ( > 4 and > 2 standard drinks/week for men and women, respectively); use of medication, vitamins, or supplements; hypercalcemia or allergies; diabetes (previously diagnosed or based on oral glucose tolerance test [OGTT]) or any major diseases including psychiatric conditions or active cancer in the preceding 5 years; or presence of acute inflammation (based on medical history or physical or laboratory examination). Pregnant or lactating women and women experiencing menopause were excluded",none,vitamin D,obese,65,placebo,,,,2,32,17,Beck Depression Inventory,22,3.167,3.16995137,22,1.833,3.17,,32,57.7,"vitamin D de ciency may not be related to increased risk of depression in in-
dividuals without clinically signi cant depression and that the use of vitamin D supplementation may not be
warranted for reducing depressive symptoms in this population","1, thrombophlebitis due to glucose infusion",low,low,low,some concerns,high,low,low,low,,,0,4.579086201,1.114920172,6,gain scores,-1.5,2.9,,,<=,1,1
Zaromytidou/2022/Greece,Vitamin D Alleviates Anxiety and Depression in Elderly People with Prediabetes: A Randomized Controlled Study,Randomized Controlled Trial,no,depression,"over 60, diagnosed with prediabetes, outpatient",25(OH)D: 0.9268,25(OH)D: 19.98 ng/mL,25(OH)D: 6.73 ng/mL,25(OH)D: 28.71 ng/mL,25(OH)D: 9.03 ng/mL,"In summary, the participants were men and women over 60 years old who were diag-
nosed with prediabetes, according to the criteria of the American Diabetes Association. Exclusion criteria included a history of diabetes, any medical conditions that could affect
study results or increase the risk of complications after vitamin D supplementation (in-
dicatively: nephrolithiasis, hypercalcemia, hyperparathyroidism, sarcoidosis, and chronic
renal disease/stages 3 to 5), malignancies, chronic inflammatory or rheumatic diseases, and
psychiatric conditions, including mood or anxiety disorders that require pharmacotherapy",depression,,,90,vitamin D,25000 IU,weekly,3571.4285714286 IU,2,45,52,PHQ-9,45,19.85,7.37,42,13.52,5.01,,74.03,22,"Mean
STAI-T scores were lower in supplemented individuals than in the control group at 6 (38.02 ± 9.03 vs.
43.91 ± 7.18, p = 0.003) and 12 months (32.35 ± 7.77 vs. 44.97 ± 7.78, p < 0.001). The same pattern was
evident for STAI-S scores at 6 (37.11 ± 7.88 vs. 43.20 ± 9.33, p = 0.003) and 12 months (32.59 ± 6.45
vs. 44.60 ± 9.53, p < 0.001). Supplemented participants demonstrated lower mean PHQ-9 scores
compared to controls at 6 (15.69 ± 6.15 vs. 19.77 ± 8.96, p = 0.021) and 12 months (13.52 ± 5.01 vs.
20.20 ± 8.67, p < 0.001)",none,low,high,high,some concerns,high,low,low,some concerns,,,,,,,,,,0,0,,,
Zaromytidou/2022/Greece,Vitamin D Alleviates Anxiety and Depression in Elderly People with Prediabetes: A Randomized Controlled Study,Randomized Controlled Trial,no,depression,"over 60, diagnosed with prediabetes, outpatient",25(OH)D: 0.9714,25(OH)D: 19.85 ng/mL,25(OH)D: 5.72 ng/mL,25(OH)D: 20.3 ng/mL,25(OH)D: 7.08 ng/mL,"In summary, the participants were men and women over 60 years old who were diag-
nosed with prediabetes, according to the criteria of the American Diabetes Association. Exclusion criteria included a history of diabetes, any medical conditions that could affect
study results or increase the risk of complications after vitamin D supplementation (in-
dicatively: nephrolithiasis, hypercalcemia, hyperparathyroidism, sarcoidosis, and chronic
renal disease/stages 3 to 5), malignancies, chronic inflammatory or rheumatic diseases, and
psychiatric conditions, including mood or anxiety disorders that require pharmacotherapy",depression,,,90,placebo,,,,2,45,52,PHQ-9,45,18.71,9.01,35,20.2,8.67,,73.1,20,"Mean
STAI-T scores were lower in supplemented individuals than in the control group at 6 (38.02 ± 9.03 vs.
43.91 ± 7.18, p = 0.003) and 12 months (32.35 ± 7.77 vs. 44.97 ± 7.78, p < 0.001). The same pattern was
evident for STAI-S scores at 6 (37.11 ± 7.88 vs. 43.20 ± 9.33, p = 0.003) and 12 months (32.59 ± 6.45
vs. 44.60 ± 9.53, p < 0.001). Supplemented participants demonstrated lower mean PHQ-9 scores
compared to controls at 6 (15.69 ± 6.15 vs. 19.77 ± 8.96, p = 0.021) and 12 months (13.52 ± 5.01 vs.
20.20 ± 8.67, p < 0.001)",none,low,high,high,some concerns,high,low,low,some concerns,,,,,,,,,,0,0,,,
Zaromytidou/2022/Greece,Vitamin D Alleviates Anxiety and Depression in Elderly People with Prediabetes: A Randomized Controlled Study,Randomized Controlled Trial,no,anxiety,"over 60, diagnosed with prediabetes, outpatient",25(OH)D: 0.9268,25(OH)D: 19.98 ng/mL,25(OH)D: 6.73 ng/mL,25(OH)D: 28.71 ng/mL,25(OH)D: 9.03 ng/mL,"In summary, the participants were men and women over 60 years old who were diag-
nosed with prediabetes, according to the criteria of the American Diabetes Association. Exclusion criteria included a history of diabetes, any medical conditions that could affect
study results or increase the risk of complications after vitamin D supplementation (in-
dicatively: nephrolithiasis, hypercalcemia, hyperparathyroidism, sarcoidosis, and chronic
renal disease/stages 3 to 5), malignancies, chronic inflammatory or rheumatic diseases, and
psychiatric conditions, including mood or anxiety disorders that require pharmacotherapy",depression,,,90,vitamin D,25000 IU,weekly,3571.4285714286 IU,2,45,52,STAI-S,45,42.66,8.43,42,32.59,6.45,,74.03,22,"Mean
STAI-T scores were lower in supplemented individuals than in the control group at 6 (38.02 ± 9.03 vs.
43.91 ± 7.18, p = 0.003) and 12 months (32.35 ± 7.77 vs. 44.97 ± 7.78, p < 0.001). The same pattern was
evident for STAI-S scores at 6 (37.11 ± 7.88 vs. 43.20 ± 9.33, p = 0.003) and 12 months (32.59 ± 6.45
vs. 44.60 ± 9.53, p < 0.001). Supplemented participants demonstrated lower mean PHQ-9 scores
compared to controls at 6 (15.69 ± 6.15 vs. 19.77 ± 8.96, p = 0.021) and 12 months (13.52 ± 5.01 vs.
20.20 ± 8.67, p < 0.001)",none,low,high,high,some concerns,high,low,low,some concerns,,,,,,,,,,0,0,,,
Zaromytidou/2022/Greece,Vitamin D Alleviates Anxiety and Depression in Elderly People with Prediabetes: A Randomized Controlled Study,Randomized Controlled Trial,no,anxiety,"over 60, diagnosed with prediabetes, outpatient",25(OH)D: 0.9714,25(OH)D: 19.85 ng/mL,25(OH)D: 5.72 ng/mL,25(OH)D: 20.3 ng/mL,25(OH)D: 7.08 ng/mL,"In summary, the participants were men and women over 60 years old who were diag-
nosed with prediabetes, according to the criteria of the American Diabetes Association. Exclusion criteria included a history of diabetes, any medical conditions that could affect
study results or increase the risk of complications after vitamin D supplementation (in-
dicatively: nephrolithiasis, hypercalcemia, hyperparathyroidism, sarcoidosis, and chronic
renal disease/stages 3 to 5), malignancies, chronic inflammatory or rheumatic diseases, and
psychiatric conditions, including mood or anxiety disorders that require pharmacotherapy",depression,,,90,placebo,,,,2,45,52,STAI-S,45,42.94,9.14,35,44.6,9.53,,73.1,20,"Mean
STAI-T scores were lower in supplemented individuals than in the control group at 6 (38.02 ± 9.03 vs.
43.91 ± 7.18, p = 0.003) and 12 months (32.35 ± 7.77 vs. 44.97 ± 7.78, p < 0.001). The same pattern was
evident for STAI-S scores at 6 (37.11 ± 7.88 vs. 43.20 ± 9.33, p = 0.003) and 12 months (32.59 ± 6.45
vs. 44.60 ± 9.53, p < 0.001). Supplemented participants demonstrated lower mean PHQ-9 scores
compared to controls at 6 (15.69 ± 6.15 vs. 19.77 ± 8.96, p = 0.021) and 12 months (13.52 ± 5.01 vs.
20.20 ± 8.67, p < 0.001)",none,low,high,high,some concerns,high,low,low,some concerns,,,,,,,,,,0,0,,,
Sahraian/2015/Iran,"Vitamin C as an adjuvant for treating major depressive disorder and suicidal behavior, a randomized placebo-controlled clinical trial",Randomized Controlled Trial,yes,depression,"18-65, with depression, outpatient",,,,,,"Adult patients (aged 18 to 65 years old) who met the Diagnostic and Statistical Manual of Mental Disorders, fourth edition (DSM-IV) criteria for MDD. A score of 16 or higher on the Hamilton Depression Rating Scale (HDRS). Untreated patients with no psychotropic medication for at least 4 weeks. Both genders. Excluded if: 1) significant co-morbid psychiatric illness, hypothyroidism or severe medical conditions such as epilepsy; 2) psychotic features or bipolar mood disorder or any other psychiatric disorder;
current substance abuse except cigarette smoking; suicidal attempt; oral contraception use; pregnancy; breast-feeding; intention to become pregnant during this trial; a history of allergic reactions to vitamin C or citalopram; and receiving psychotropic medication.",depression,,,43,"vitamin C, citalopram","1000 mg, 20 mg",daily,"1000 mg, 20 mg",2,21,8,HAM-D,21,21.4,4.1,21,8.6,5.2,,32.7,28.6,"Adding vitamin C to citalopram did not increase the efficacy of citalopram in MDD patients. vitamin C
plus citalopram is as effective as placebo plus citalopram for treating adult patients with suicidal behavior. No serious
adverse effect for this combination was identified during this trial.",none,low,low,low,low,high,low,low,high,,,,,,,,,,,,>=,12,
Sahraian/2015/Iran,"Vitamin C as an adjuvant for treating major depressive disorder and suicidal behavior, a randomized placebo-controlled clinical trial",Randomized Controlled Trial,yes,depression,"18-65, with depression, outpatient",,,,,,"Adult patients (aged 18 to 65 years old) who met the Diagnostic and Statistical Manual of Mental Disorders, fourth edition (DSM-IV) criteria for MDD. A score of 16 or higher on the Hamilton Depression Rating Scale (HDRS). Untreated patients with no psychotropic medication for at least 4 weeks. Both genders. Excluded if: 1) significant co-morbid psychiatric illness, hypothyroidism or severe medical conditions such as epilepsy; 2) psychotic features or bipolar mood disorder or any other psychiatric disorder;
current substance abuse except cigarette smoking; suicidal attempt; oral contraception use; pregnancy; breast-feeding; intention to become pregnant during this trial; a history of allergic reactions to vitamin C or citalopram; and receiving psychotropic medication.",depression,,,43,citalopram,,,,2,22,8,HAM-D,22,22.4,3,22,9.3,6.3,,34.2,22.8,"Adding vitamin C to citalopram did not increase the efficacy of citalopram in MDD patients. vitamin C
plus citalopram is as effective as placebo plus citalopram for treating adult patients with suicidal behavior. No serious
adverse effect for this combination was identified during this trial.",none,low,low,low,low,high,low,low,high,,,,,,,,,,,,>=,12,
Sahraian/2015/Iran,"Vitamin C as an adjuvant for treating major depressive disorder and suicidal behavior, a randomized placebo-controlled clinical trial",Randomized Controlled Trial,yes,depression,"18-65, with depression, outpatient",,,,,,"Adult patients (aged 18 to 65 years old) who met the Diagnostic and Statistical Manual of Mental Disorders, fourth edition (DSM-IV) criteria for MDD. A score of 16 or higher on the Hamilton Depression Rating Scale (HDRS). Untreated patients with no psychotropic medication for at least 4 weeks. Both genders. Excluded if: 1) significant co-morbid psychiatric illness, hypothyroidism or severe medical conditions such as epilepsy; 2) psychotic features or bipolar mood disorder or any other psychiatric disorder;
current substance abuse except cigarette smoking; suicidal attempt; oral contraception use; pregnancy; breast-feeding; intention to become pregnant during this trial; a history of allergic reactions to vitamin C or citalopram; and receiving psychotropic medication.",depression,,,43,"vitamin C, citalopram","1000 mg, 20 mg",daily,"1000 mg, 20 mg",2,21,8,Beck Depression Inventory,21,23.9,8.3,21,8.6,10.7,,32.7,28.6,"Adding vitamin C to citalopram did not increase the efficacy of citalopram in MDD patients. vitamin C
plus citalopram is as effective as placebo plus citalopram for treating adult patients with suicidal behavior. No serious
adverse effect for this combination was identified during this trial.",none,low,low,low,low,high,low,low,high,,,,,,,,,,,,>=,12,
Sahraian/2015/Iran,"Vitamin C as an adjuvant for treating major depressive disorder and suicidal behavior, a randomized placebo-controlled clinical trial",Randomized Controlled Trial,yes,depression,"18-65, with depression, outpatient",,,,,,"Adult patients (aged 18 to 65 years old) who met the Diagnostic and Statistical Manual of Mental Disorders, fourth edition (DSM-IV) criteria for MDD. A score of 16 or higher on the Hamilton Depression Rating Scale (HDRS). Untreated patients with no psychotropic medication for at least 4 weeks. Both genders. Excluded if: 1) significant co-morbid psychiatric illness, hypothyroidism or severe medical conditions such as epilepsy; 2) psychotic features or bipolar mood disorder or any other psychiatric disorder;
current substance abuse except cigarette smoking; suicidal attempt; oral contraception use; pregnancy; breast-feeding; intention to become pregnant during this trial; a history of allergic reactions to vitamin C or citalopram; and receiving psychotropic medication.",depression,,,43,citalopram,,,,2,22,8,Beck Depression Inventory,22,22.8,9.8,22,9,9.6,,34.2,22.8,"Adding vitamin C to citalopram did not increase the efficacy of citalopram in MDD patients. vitamin C
plus citalopram is as effective as placebo plus citalopram for treating adult patients with suicidal behavior. No serious
adverse effect for this combination was identified during this trial.",none,low,low,low,low,high,low,low,high,,,,,,,,,,,,>=,12,
Syed/2013/Pakistan,Vitamin B12 supplementation in treating major depressive disorder: a randomized controlled trial,Randomized Controlled Trial,no,depression,"no age limits, patient's with depression and low vitamin B levels, outpatient",,vitamin b12: 238.49 pg/mL,vitamin b12: 33.21 pg/mL,,,"Patients with depression (HAM-D >20) and low normal B12 levels (190-300 pg/mL). Patients with concurrent unstable medical illness, history of manic episodes or psychotic illness, psychotic symptoms in a depressive episode, concurrent substance misuse and patients with suicidal ideation were excluded. B12 deficiency (<190 pg/mL) ",depression,vitamin B12,,73,"vitamin B12, SSRI/TCA","1000 ug, various","weekly, daily","1000 ug, various",2,34,12,HAM-D,34,23.21,5.85,34,12.12,5.12,,37.68,52.9,Power of study limited given small sample size but provides good pilot evidence suggesting that supplementation of B12 in pts with low normal B12 levels can be effective adjuct treatment in addition to antidepressant medication. ,none,low,high,high,low,high,high,high,high,,gain scores,-11.09,4.58,,,,,,0,0,,,
Syed/2013/Pakistan,Vitamin B12 supplementation in treating major depressive disorder: a randomized controlled trial,Randomized Controlled Trial,no,depression,"no age limits, patient's with depression and low vitamin B levels, outpatient",,vitamin b12: 245.16 pg/mL,vitamin b12: 27.82 pg/mL,,,"Patients with depression (HAM-D >20) and low normal B12 levels (190-300 pg/mL). Patients with concurrent unstable medical illness, history of manic episodes or psychotic illness, psychotic symptoms in a depressive episode, concurrent substance misuse and patients with suicidal ideation were excluded. B12 deficiency (<190 pg/mL) ",depression,vitamin B12,,73,SSRI/TCA,various,daily,various,2,39,12,HAM-D,39,19.38,5.7,39,14.38,4.73,,36.56,51.53,Power of study limited given small sample size but provides good pilot evidence suggesting that supplementation of B12 in pts with low normal B12 levels can be effective adjuct treatment in addition to antidepressant medication. ,none,low,high,high,low,high,high,high,high,,gain scores,-5,0.38,,,,,,0,0,,,
Khoraminya/2013/Iran,Therapeutic effects of vitamin D as adjunctive therapy to fluoxetine in patients with major depressive disorder,Randomized Controlled Trial,yes,depression,"18-65, patients with depression, outpatient",,25(OH)D: 23.55 ng/mL,25(OH)D: 4.03 ng/mL,25(OH)D: 46.85 ng/mL,25(OH)D: 14.14 ng/mL,"Aged between 18 and 65 years old. Diagnosis of major depressive disorder without psychotic features based on DSM-IV criteria. A score of ≥ 15 on the 17-item Hamilton. Depression Rating Scale (HDRS). Had not taken any antidepressant or dietary supplements during the previous 2 months. Free from other psychiatric diagnoses, significant medical illnesses, or suicidal thoughts. Willing to participate in the study. 
Substance abuse, pregnancy and lactation, and the occurrence of important adverse effects from medications",depression,,,42,"vitamin D, fluoxetine","1500 IU, 20 mg",daily,"1500 IU, 20 mg",2,20,8,HAM-D,20,29.4,5.23,20,11.7,4.6,,38.1,15,The vitamin D + fluoxetine combination was significantly better than fluoxetine alone from the fourth week of treatment.,"1 person had severe anxiety in week 2, withdrew",some concerns,some concerns,low,low,low,low,low,low,based on ANOVA,hedge's g,-0.9058,0.3261,,,,,,0.05,1,,,
Khoraminya/2013/Iran,Therapeutic effects of vitamin D as adjunctive therapy to fluoxetine in patients with major depressive disorder,Randomized Controlled Trial,yes,depression,"18-65, patients with depression, outpatient",,25(OH)D: 23.05 ng/mL,25(OH)D: 4.42 ng/mL,,,"Aged between 18 and 65 years old. Diagnosis of major depressive disorder without psychotic features based on DSM-IV criteria. A score of ≥ 15 on the 17-item Hamilton. Depression Rating Scale (HDRS). Had not taken any antidepressant or dietary supplements during the previous 2 months. Free from other psychiatric diagnoses, significant medical illnesses, or suicidal thoughts. Willing to participate in the study. 
Substance abuse, pregnancy and lactation, and the occurrence of important adverse effects from medications",depression,,,42,fluoxetine,,daily,,2,20,8,HAM-D,20,30.2,5.83,20,17.2,4.16,,39.65,15,The vitamin D + fluoxetine combination was significantly better than fluoxetine alone from the fourth week of treatment.,"1 person had severe anxiety in week 2, withdrew",some concerns,some concerns,low,low,low,low,low,low,,,0,0.3261,,,,,,0,0,,,
Khoraminya/2013/Iran,Therapeutic effects of vitamin D as adjunctive therapy to fluoxetine in patients with major depressive disorder,Randomized Controlled Trial,yes,depression,"18-65, patients with depression, outpatient",,25(OH)D: 23.55 ng/mL,25(OH)D: 4.03 ng/mL,25(OH)D: 46.85 ng/mL,25(OH)D: 14.14 ng/mL,"Aged between 18 and 65 years old. Diagnosis of major depressive disorder without psychotic features based on DSM-IV criteria. A score of ≥ 15 on the 17-item Hamilton. Depression Rating Scale (HDRS). Had not taken any antidepressant or dietary supplements during the previous 2 months. Free from other psychiatric diagnoses, significant medical illnesses, or suicidal thoughts. Willing to participate in the study. 
Substance abuse, pregnancy and lactation, and the occurrence of important adverse effects from medications",depression,,,42,"vitamin D, fluoxetine","1500 IU, 20 mg",daily,"1500 IU, 20 mg",2,20,8,Beck Depression Inventory,20,32.45,7.35,20,13.2,8.64,,38.1,15,The vitamin D + fluoxetine combination was significantly better than fluoxetine alone from the fourth week of treatment.,"1 person had severe anxiety in week 2, withdrew",some concerns,some concerns,low,low,low,low,low,low,based on ANOVA,hedge's g,-0.8035,0.3227,,,,,,0.05,1,,,
Khoraminya/2013/Iran,Therapeutic effects of vitamin D as adjunctive therapy to fluoxetine in patients with major depressive disorder,Randomized Controlled Trial,yes,depression,"18-65, patients with depression, outpatient",,25(OH)D: 23.05 ng/mL,25(OH)D: 4.42 ng/mL,0,0,"Aged between 18 and 65 years old. Diagnosis of major depressive disorder without psychotic features based on DSM-IV criteria. A score of ≥ 15 on the 17-item Hamilton. Depression Rating Scale (HDRS). Had not taken any antidepressant or dietary supplements during the previous 2 months. Free from other psychiatric diagnoses, significant medical illnesses, or suicidal thoughts. Willing to participate in the study. 
Substance abuse, pregnancy and lactation, and the occurrence of important adverse effects from medications",depression,,,42,fluoxetine,,daily,,2,20,8,Beck Depression Inventory,20,31.65,7.33,20,17.95,6.31,,39.65,15,The vitamin D + fluoxetine combination was significantly better than fluoxetine alone from the fourth week of treatment.,"1 person had severe anxiety in week 2, withdrew",some concerns,some concerns,low,low,low,low,low,low,,,0,0.3227,,,,,,0,0,,,
Scholten/2018/Netherlands,Surplus vitamin B(12) use does not reduce fatigue in patients with Irritable Bowel Syndrome or inflammatory bowel disease: A randomized double-blind placebo-controlled trial,Randomized Controlled Trial,yes,depression,"18-65, patients with IBS experiencing fatigue, outpatient",,vitamin b12: 311.0 pmol/l,vitamin b12: 113.1 pmol/l,vitamin b12: 565.2 pmol/l,vitamin b12: 205.8 pmol/l,"IBS according to Rome III criteria, IBD by histopathologic confirmation, 18-65 years old based on entry date into study, experience of fatigue for at least 3 months or elevated or severe fatigue score (>= 27 on the 8 item subscale of the CIS), serum vitamin B12 level >=150 pmol/l, hemoglobin level (male): 8.5-11 mmol/l, hemoglobin level (female): 7.5-11.0 mmol/l, signed informed consent. no use of B12 supplements or B12 injections in last 2 months, no use of iron supplements in last 2 months, no subjects who underwent a bowel resection, no participation in any kind of therapy that might prevent fatigue, no prednisone therapy",none,,IBS,2,vitamin B12,1000 ug,daily,1000 ug,2,44,8,CES-D,43,19.4,5.2,43,18,6.5,,41,26.32,"This study did not con rm the expected effect of non-conventional surplus vit B12 supple-
mentation on fatigue in IBS or IBD patients. In addition, no positive effect was observed on depression or
quality of life. We conclude that surplus treatment with vitamin B12 in IBS and IBD patients suffering
from fatigue has no bene cial clinical effect.",none,some concerns,some concerns,low,low,some concerns,some concerns,low,some concerns,,gain scores,-1.4,6.5,,,,,,0,0,,,
Scholten/2018/Netherlands,Surplus vitamin B(12) use does not reduce fatigue in patients with Irritable Bowel Syndrome or inflammatory bowel disease: A randomized double-blind placebo-controlled trial,Randomized Controlled Trial,yes,depression,"18-65, patients with IBS experiencing fatigue, outpatient",,vitamin b12: 318.5 pmol/l,vitamin b12: 142.5 pmol/l,vitamin b12: 331.1 pmol/l,vitamin b12: 136.3 pmol/l,"IBS according to Rome III criteria, IBD by histopathologic confirmation, 18-65 years old based on entry date into study, experience of fatigue for at least 3 months or elevated or severe fatigue score (>= 27 on the 8 item subscale of the CIS), serum vitamin B12 level >=150 pmol/l, hemoglobin level (male): 8.5-11 mmol/l, hemoglobin level (female): 7.5-11.0 mmol/l, signed informed consent. no use of B12 supplements or B12 injections in last 2 months, no use of iron supplements in last 2 months, no subjects who underwent a bowel resection, no participation in any kind of therapy that might prevent fatigue, no prednisone therapy",none,,IBS,2,placebo,,daily,,2,49,8,CES-D,49,18.5,5.1,49,16.6,4.6,,41,26.32,"This study did not con rm the expected effect of non-conventional surplus vit B12 supple-
mentation on fatigue in IBS or IBD patients. In addition, no positive effect was observed on depression or
quality of life. We conclude that surplus treatment with vitamin B12 in IBS and IBD patients suffering
from fatigue has no bene cial clinical effect.",none,some concerns,some concerns,low,low,some concerns,some concerns,low,some concerns,,gain scores,-1.9,4.9,,,,,,0,0,,,
Scholten/2018/Netherlands,Surplus vitamin B(12) use does not reduce fatigue in patients with Irritable Bowel Syndrome or inflammatory bowel disease: A randomized double-blind placebo-controlled trial,Randomized Controlled Trial,yes,depression,"18-65, patients with IBS experiencing fatigue, outpatient",,vitamin b12: 311.0 pmol/l,vitamin b12: 113.1 pmol/l,vitamin b12: 565.2 pmol/l,vitamin b12: 205.8 pmol/l,"IBS according to Rome III criteria, IBD by histopathologic confirmation, 18-65 years old based on entry date into study, experience of fatigue for at least 3 months or elevated or severe fatigue score (>= 27 on the 8 item subscale of the CIS), serum vitamin B12 level >=150 pmol/l, hemoglobin level (male): 8.5-11 mmol/l, hemoglobin level (female): 7.5-11.0 mmol/l, signed informed consent. no use of B12 supplements or B12 injections in last 2 months, no use of iron supplements in last 2 months, no subjects who underwent a bowel resection, no participation in any kind of therapy that might prevent fatigue, no prednisone therapy",none,,IBS,2,vitamin B12,1000 ug,daily,1000 ug,2,44,8,HADS-D,43,9.6,2.7,43,9.6,2.3,,41,26.32,"This study did not con rm the expected effect of non-conventional surplus vit B12 supple-
mentation on fatigue in IBS or IBD patients. In addition, no positive effect was observed on depression or
quality of life. We conclude that surplus treatment with vitamin B12 in IBS and IBD patients suffering
from fatigue has no bene cial clinical effect.",none,some concerns,some concerns,low,low,some concerns,some concerns,low,some concerns,,gain scores,0,2.4,,,,,,0,0,,,
Scholten/2018/Netherlands,Surplus vitamin B(12) use does not reduce fatigue in patients with Irritable Bowel Syndrome or inflammatory bowel disease: A randomized double-blind placebo-controlled trial,Randomized Controlled Trial,yes,depression,"18-65, patients with IBS experiencing fatigue, outpatient",,vitamin b12: 318.5 pmol/l,vitamin b12: 142.5 pmol/l,vitamin b12: 331.1 pmol/l,vitamin b12: 136.3 pmol/l,"IBS according to Rome III criteria, IBD by histopathologic confirmation, 18-65 years old based on entry date into study, experience of fatigue for at least 3 months or elevated or severe fatigue score (>= 27 on the 8 item subscale of the CIS), serum vitamin B12 level >=150 pmol/l, hemoglobin level (male): 8.5-11 mmol/l, hemoglobin level (female): 7.5-11.0 mmol/l, signed informed consent. no use of B12 supplements or B12 injections in last 2 months, no use of iron supplements in last 2 months, no subjects who underwent a bowel resection, no participation in any kind of therapy that might prevent fatigue, no prednisone therapy",none,,IBS,2,placebo,,daily,,2,49,8,HADS-D,49,9,1.6,49,9,1.6,,41,26.32,"This study did not con rm the expected effect of non-conventional surplus vit B12 supple-
mentation on fatigue in IBS or IBD patients. In addition, no positive effect was observed on depression or
quality of life. We conclude that surplus treatment with vitamin B12 in IBS and IBD patients suffering
from fatigue has no bene cial clinical effect.",none,some concerns,some concerns,low,low,some concerns,some concerns,low,some concerns,,gain scores,0,1.9,,,,,,0,0,,,
Scholten/2018/Netherlands,Surplus vitamin B(12) use does not reduce fatigue in patients with Irritable Bowel Syndrome or inflammatory bowel disease: A randomized double-blind placebo-controlled trial,Randomized Controlled Trial,yes,anxiety,"18-65, patients with IBS experiencing fatigue, outpatient",,vitamin b12: 311.0 pmol/l,vitamin b12: 113.1 pmol/l,vitamin b12: 565.2 pmol/l,vitamin b12: 205.8 pmol/l,"IBS according to Rome III criteria, IBD by histopathologic confirmation, 18-65 years old based on entry date into study, experience of fatigue for at least 3 months or elevated or severe fatigue score (>= 27 on the 8 item subscale of the CIS), serum vitamin B12 level >=150 pmol/l, hemoglobin level (male): 8.5-11 mmol/l, hemoglobin level (female): 7.5-11.0 mmol/l, signed informed consent. no use of B12 supplements or B12 injections in last 2 months, no use of iron supplements in last 2 months, no subjects who underwent a bowel resection, no participation in any kind of therapy that might prevent fatigue, no prednisone therapy",none,,IBS,2,vitamin B12,1000 ug,daily,1000 ug,2,44,8,HADS-A,43,12.5,2.3,43,12.6,2.2,,41,26.32,"This study did not con rm the expected effect of non-conventional surplus vit B12 supple-
mentation on fatigue in IBS or IBD patients. In addition, no positive effect was observed on depression or
quality of life. We conclude that surplus treatment with vitamin B12 in IBS and IBD patients suffering
from fatigue has no bene cial clinical effect.",none,some concerns,some concerns,low,low,some concerns,some concerns,low,some concerns,,gain scores,0.1,2,,,,,,0,0,,,
Scholten/2018/Netherlands,Surplus vitamin B(12) use does not reduce fatigue in patients with Irritable Bowel Syndrome or inflammatory bowel disease: A randomized double-blind placebo-controlled trial,Randomized Controlled Trial,yes,anxiety,"18-65, patients with IBS experiencing fatigue, outpatient",,vitamin b12: 318.5 pmol/l,vitamin b12: 142.5 pmol/l,vitamin b12: 331.1 pmol/l,vitamin b12: 136.3 pmol/l,"IBS according to Rome III criteria, IBD by histopathologic confirmation, 18-65 years old based on entry date into study, experience of fatigue for at least 3 months or elevated or severe fatigue score (>= 27 on the 8 item subscale of the CIS), serum vitamin B12 level >=150 pmol/l, hemoglobin level (male): 8.5-11 mmol/l, hemoglobin level (female): 7.5-11.0 mmol/l, signed informed consent. no use of B12 supplements or B12 injections in last 2 months, no use of iron supplements in last 2 months, no subjects who underwent a bowel resection, no participation in any kind of therapy that might prevent fatigue, no prednisone therapy",none,,IBS,2,placebo,,daily,,2,49,8,HADS-A,49,12.2,2.5,49,13.1,2.1,,41,26.32,"This study did not con rm the expected effect of non-conventional surplus vit B12 supple-
mentation on fatigue in IBS or IBD patients. In addition, no positive effect was observed on depression or
quality of life. We conclude that surplus treatment with vitamin B12 in IBS and IBD patients suffering
from fatigue has no bene cial clinical effect.",none,some concerns,some concerns,low,low,some concerns,some concerns,low,some concerns,,gain scores,0.9,1.9,,,,,,0,0,,,
Narula/2017/Canada,Impact of High-Dose Vitamin D3 Supplementation in Patients with Crohn's Disease in Remission: A Pilot Randomized Double-Blind Controlled Study,Randomized Controlled Trial,yes,depression,Crohn's disease (in remission,,vitamin D: 71.3 nmol/l,vitamin D: 7.3 nmol/l,vitamin D: 82.8 nmol/l,vitamin D: 26.3 nmol/l,Patients with crohn's disease on stable doses of CD meds in remission,none,,Crohn's,45,vitamin D,1000 IU,daily,1000 IU,2,16,52,depression per HADS-D,7,0.571428571,0.494871659,7,0.428571429,0.494871659,,35,37,"
Patients receiving either dose of vitamin D3 demonstrated improvement in mood, and the dose of 10,000 IU daily showed promise for normalizing mood symptoms in those with clinical anxiety and depression. The number of patients with baseline clinical anxiety and depression was small however, and further investigation of vitamin D3 therapy for improvement in mood is needed",1 nausea 1 heart burn,low,low,low,low,high,low,high,high,,,,,,,,,,0.285714286,2,,,
Narula/2017/Canada,Impact of High-Dose Vitamin D3 Supplementation in Patients with Crohn's Disease in Remission: A Pilot Randomized Double-Blind Controlled Study,Randomized Controlled Trial,yes,depression,Crohn's disease (in remission,,vitamin D: 73.5 nmol/l ,vitamin D: 11.7 nmol/l ,vitamin D: 160.8 nmol/l,vitamin D: 43.2 nmol/l,Patients with crohn's disease on stable doses of CD meds in remission,none,,Crohn's,45,vitamin D,10000 IU,daily,10000 IU,2,18,52,depression per HADS-D,11,0.636363636,0.481045693,11,0.272727273,0.445361771,,33,44,,1 excessive acne,low,low,low,low,high,low,high,high,,,,,,,,,,0.090909091,1,,,
Field/2022/UK,High-dose Vitamin B6 supplementation reduces anxiety and strengthens visual surround suppression,Randomized Controlled Trial,yes,anxiety,adults (mostly students),,,,,,adults with no lactose intolerance and not taking multivitamins,none,,,478,vitamin b6,100 mg,daily,100 mg,3,107,5,SCAARED,107,24.8,12.2,88,21.5,12.7,,23,19.4,"Data is limited by fact that not all participants completed all outcomes and also lack of baseline characteristic data other than age and gender. Data suggests that B6 may help with anxiety but has no affect on depression. B12 has no significant affect on depression or anxiety in this population. No vitamin levels were tested. B6 supplementation reduced self‐reported anxiety symptoms, with a larger effect size for GAD symptoms.",not reported,low,low,low,low,high,high,high,high,,gain scores,-3.3,8.819585189,,,,,,,,,,
Field/2022/UK,High-dose Vitamin B6 supplementation reduces anxiety and strengthens visual surround suppression,Randomized Controlled Trial,yes,anxiety,adults (mostly students),,,,,,adults with no lactose intolerance and not taking multivitamins,none,,,478,vitamin b12,1000 ug,daily,1000 ug,3,108,5,SCAARED,108,24.5,14.3,90,23,14.4,,23,19.4,"Data is limited by fact that not all participants completed all outcomes and also lack of baseline characteristic data other than age and gender. Data suggests that B6 may help with anxiety but has no affect on depression. B12 has no significant affect on depression or anxiety in this population. No vitamin levels were tested. We found no clearly significant effects of vitamin B12 supplementation on the outcome measures, although there was a suggestive trend towards reduced anxiety",not reported,low,low,low,low,high,high,high,high,,gain scores,-1.5,7.733831234,,,,,,,,,,
Field/2022/UK,High-dose Vitamin B6 supplementation reduces anxiety and strengthens visual surround suppression,Randomized Controlled Trial,yes,anxiety,adults (mostly students),,,,,,adults with no lactose intolerance and not taking multivitamins,none,,,478,placebo,,daily,,3,96,5,SCAARED,96,25.1,13.2,87,23.9,14.6,,23,19.4,"Data is limited by fact that not all participants completed all outcomes and also lack of baseline characteristic data other than age and gender. Data suggests that B6 may help with anxiety but has no affect on depression. B12 has no significant affect on depression or anxiety in this population. No vitamin levels were tested. B6 supplementation reduced self‐reported anxiety symptoms, with a larger effect size for GAD symptoms.",not reported,low,low,low,low,high,high,high,high,,gain scores,-1.2,9.250293276,,,,,,,,,,
Field/2022/UK,High-dose Vitamin B6 supplementation reduces anxiety and strengthens visual surround suppression,Randomized Controlled Trial,yes,depression,adults (mostly students),,,,,,adults with no lactose intolerance and not taking multivitamins,none,,,478,vitamin b6,100 mg,daily,100 mg,3,52,5,MFQ,52,11.4,3.6,47,10.3,4.03,,23,19.4,"Data is limited by fact that not all participants completed all outcomes and also lack of baseline characteristic data other than age and gender. Data suggests that B6 may help with anxiety but has no affect on depression. B12 has no significant affect on depression or anxiety in this population. No vitamin levels were tested. B6 supplementation reduced self‐reported anxiety symptoms, with a larger effect size for GAD symptoms.",not reported,low,low,low,low,high,high,high,high,,gain scores,-1.1,6.673646071,,,,,,,,,,
Field/2022/UK,High-dose Vitamin B6 supplementation reduces anxiety and strengthens visual surround suppression,Randomized Controlled Trial,yes,depression,adults (mostly students),,,,,,adults with no lactose intolerance and not taking multivitamins,none,,,478,vitamin b12,1000 ug,daily,1000 ug,3,52,5,MFQ,52,11.1,3.94,48,10.8,4.09,,23,19.4,"Data is limited by fact that not all participants completed all outcomes and also lack of baseline characteristic data other than age and gender. Data suggests that B6 may help with anxiety but has no affect on depression. B12 has no significant affect on depression or anxiety in this population. No vitamin levels were tested. We found no clearly significant effects of vitamin B12 supplementation on the outcome measures, although there was a suggestive trend towards reduced anxiety",not reported,low,low,low,low,high,high,high,high,,gain scores,-0.3,10.2834819,,,,,,,,,,
Field/2022/UK,High-dose Vitamin B6 supplementation reduces anxiety and strengthens visual surround suppression,Randomized Controlled Trial,yes,depression,adults (mostly students),,,,,,adults with no lactose intolerance and not taking multivitamins,none,,,478,placebo,0,daily,,3,54,5,MFQ,54,9.8,3.5,51,10.7,3.93,,23,19.4,"Data is limited by fact that not all participants completed all outcomes and also lack of baseline characteristic data other than age and gender. Data suggests that B6 may help with anxiety but has no affect on depression. B12 has no significant affect on depression or anxiety in this population. No vitamin levels were tested. B6 supplementation reduced self‐reported anxiety symptoms, with a larger effect size for GAD symptoms.",not reported,low,low,low,low,high,high,high,high,,gain scores,0.9,4.691449333,,,,,,,,,,
Torrisi/2021/Italy,The role of rehabilitation and vitamin D supplementation on motor and psychological outcomes in poststroke patients,Randomized Controlled Trial,no,depression,stroke patients 30-60 post stroke,,vitamin D: 19.62 ng/mL,vitamin D: 7.92 ng/mL,vitamin D: 30.65 ng/mL,vitamin D: 6.36 ng/mL,"Patients with ischemic or hemorrhagic stroke outcomes that occurred between 30 and 60 days prior, and who were eligible for individual rehabilitation treatment. Excluded people with Mini Mental State Examination (MMSE) < 15. Patients with psychiatric diseases or treated with antidepressants. Patients already on vitamin D supplementation (including in combination with calcium, multivitamins, or other drugs). Medical conditions that would prevent the neurorehabilitation program. ",none,,stroke,40,vitamin D,2000 IU,daily,2000 IU,2,20,12,MADRS,15,22.13,6.68,15,9.73,4.7,,59.2,53.3,"Signi cant intra-group difference in outcomes measures was found but not between control group and experimental group. In the
vitamin D group, we highlighted signi cant differences between T0 and T1 in calcium (P < .001), vitamin D (P < .001), in Montgomery
Aasberg Depression Rating Scale (P= .001)",not reported,some concerns,high,high,high,high,some concerns,low,high,,gain scores,-12.4,12.68023374,,,,,,,,,,
Torrisi/2021/Italy,The role of rehabilitation and vitamin D supplementation on motor and psychological outcomes in poststroke patients,Randomized Controlled Trial,no,depression,stroke patients 30-60 post stroke,,vitamin D: 14.05 ng/mL,vitamin D: 4.9 ng/mL,vitamin D: 30.31 ng/mL,vitamin D: 4.03 ng/mL,"Patients with ischemic or hemorrhagic stroke outcomes that occurred between 30 and 60 days prior, and who were eligible for individual rehabilitation treatment. Excluded people with Mini Mental State Examination (MMSE) < 15. Patients with psychiatric diseases or treated with antidepressants. Patients already on vitamin D supplementation (including in combination with calcium, multivitamins, or other drugs). Medical conditions that would prevent the neurorehabilitation program. ",none,,stroke,40,none,,,,2,20,12,MADRS,14,21.86,10.43,14,16.36,11.63,,62.07,42.9,"Signi cant intra-group difference in outcomes measures was found but not between control group and experimental group. In the
vitamin D group, we highlighted signi cant differences between T0 and T1 in calcium (P < .001), vitamin D (P < .001), in Montgomery
Aasberg Depression Rating Scale (P= .001)",not reported,some concerns,high,high,high,high,some concerns,low,high,,gain scores,-5.5,7.053894863,,,,,,,,,,
Tarleton/2017/USA,Role of Magnesium supplementation in the treatment of depression: A randomized clinical trial,Randomized Controlled Trial,no,depression,"18 and older, depressed patients with mild to moderate depression, outpatient",,,,,,"1) 18 years of age or older; 2) no change in treatment plan for depression for the past 2 months and going forward (including no current treatment, stable use of antidepressant medication, or ongoing nonpharmacologic therapy); 3) Patient Health Questionnaire-9 (PHQ-9) score of 5–19 (mild-to-moderate depression). Exclusion:
1) Schizophrenia, bipolar disease, active delirium, dementia, kidney disease (due to the role of the kidneys in magnesium homeostasis), myasthenia gravis (magnesium may worsen symptoms of the disease), or gastrointestinal (GI) disease (diarrhea is a common side effect of magnesium); 2) pregnant or trying to get pregnant; 3) planned surgery in the next 3 months; 5) taking a medication known to interact with magnesium; 6) unwilling to stop taking non-study magnesium supplements for the duration of the study.",depression,,mild to moderate depression,126,magnesium,248 mg,daily,248 mg,2,62,6,PHQ-9,62,10.9,3.8,55,5.1,3.9,,55.2,40,"Magnesium is effective for mild-to-moder-
ate depression in adults","Participants were less likely to report headaches while taking magnesium compared to the
control period (unadjusted mean headache score 0.41 vs. 0.57 on the 0–3 scale). The adjusted
difference was -0.16 (CI -0.25, -0.03; P = 0.013). There was no difference in the reporting of
diarrhea, constipation, nausea, dizziness or urinary symptoms",low,low,high,high,high,low,some concerns,high,,OLS,-6,4.838929834,0.933318913,4,,,,,,>=,1,
Tarleton/2017/USA,Role of Magnesium supplementation in the treatment of depression: A randomized clinical trial,Randomized Controlled Trial,no,depression,"18 and older, depressed patients with mild to moderate depression, outpatient",,,,,,"1) 18 years of age or older; 2) no change in treatment plan for depression for the past 2 months and going forward (including no current treatment, stable use of antidepressant medication, or ongoing nonpharmacologic therapy); 3) Patient Health Questionnaire-9 (PHQ-9) score of 5–19 (mild-to-moderate depression). Exclusion:
1) Schizophrenia, bipolar disease, active delirium, dementia, kidney disease (due to the role of the kidneys in magnesium homeostasis), myasthenia gravis (magnesium may worsen symptoms of the disease), or gastrointestinal (GI) disease (diarrhea is a common side effect of magnesium); 2) pregnant or trying to get pregnant; 3) planned surgery in the next 3 months; 5) taking a medication known to interact with magnesium; 6) unwilling to stop taking non-study magnesium supplements for the duration of the study.",depression,,mild to moderate depression,126,placebo,,daily,,2,64,6,PHQ-9,64,10.8,3.9,57,9.2,5.6,,50.1,36,"Magnesium is effective for mild-to-moder-
ate depression in adults","Participants were less likely to report headaches while taking magnesium compared to the
control period (unadjusted mean headache score 0.41 vs. 0.57 on the 0–3 scale). The adjusted
difference was -0.16 (CI -0.25, -0.03; P = 0.013). There was no difference in the reporting of
diarrhea, constipation, nausea, dizziness or urinary symptoms",low,low,high,high,high,low,some concerns,high,,,0,4.838929834,0.933318913,4,,,,,,>=,1,
Tarleton/2017/USA,Role of Magnesium supplementation in the treatment of depression: A randomized clinical trial,Randomized Controlled Trial,no,anxiety,"18 and older, depressed patients with mild to moderate depression, outpatient",,,,,,"1) 18 years of age or older; 2) no change in treatment plan for depression for the past 2 months and going forward (including no current treatment, stable use of antidepressant medication, or ongoing nonpharmacologic therapy); 3) Patient Health Questionnaire-9 (PHQ-9) score of 5–19 (mild-to-moderate depression). Exclusion:
1) Schizophrenia, bipolar disease, active delirium, dementia, kidney disease (due to the role of the kidneys in magnesium homeostasis), myasthenia gravis (magnesium may worsen symptoms of the disease), or gastrointestinal (GI) disease (diarrhea is a common side effect of magnesium); 2) pregnant or trying to get pregnant; 3) planned surgery in the next 3 months; 5) taking a medication known to interact with magnesium; 6) unwilling to stop taking non-study magnesium supplements for the duration of the study.",depression,,mild to moderate depression,126,magnesium,248 mg,daily,248 mg,2,62,6,GAD-7,62,8.9,5.1,55,4.4,4,,55.2,40,"Magnesium is effective for mild-to-moder-
ate depression in adults","Participants were less likely to report headaches while taking magnesium compared to the
control period (unadjusted mean headache score 0.41 vs. 0.57 on the 0–3 scale). The adjusted
difference was -0.16 (CI -0.25, -0.03; P = 0.013). There was no difference in the reporting of
diarrhea, constipation, nausea, dizziness or urinary symptoms",low,low,high,high,high,low,some concerns,high,,OLS,-4.5,5.05536285,1.05944309,4,,,,,,>=,1,
Tarleton/2017/USA,Role of Magnesium supplementation in the treatment of depression: A randomized clinical trial,Randomized Controlled Trial,no,anxiety,"18 and older, depressed patients with mild to moderate depression, outpatient",,,,,,"1) 18 years of age or older; 2) no change in treatment plan for depression for the past 2 months and going forward (including no current treatment, stable use of antidepressant medication, or ongoing nonpharmacologic therapy); 3) Patient Health Questionnaire-9 (PHQ-9) score of 5–19 (mild-to-moderate depression). Exclusion:
1) Schizophrenia, bipolar disease, active delirium, dementia, kidney disease (due to the role of the kidneys in magnesium homeostasis), myasthenia gravis (magnesium may worsen symptoms of the disease), or gastrointestinal (GI) disease (diarrhea is a common side effect of magnesium); 2) pregnant or trying to get pregnant; 3) planned surgery in the next 3 months; 5) taking a medication known to interact with magnesium; 6) unwilling to stop taking non-study magnesium supplements for the duration of the study.",depression,,mild to moderate depression,126,placebo,,daily,,2,64,6,GAD-7,64,9.2,5.6,57,9.2,5.9,,50.1,36,"Magnesium is effective for mild-to-moder-
ate depression in adults","Participants were less likely to report headaches while taking magnesium compared to the
control period (unadjusted mean headache score 0.41 vs. 0.57 on the 0–3 scale). The adjusted
difference was -0.16 (CI -0.25, -0.03; P = 0.013). There was no difference in the reporting of
diarrhea, constipation, nausea, dizziness or urinary symptoms",low,low,high,high,high,low,some concerns,high,,,0,5.05536285,1.05944309,4,,,,,,>=,1,
Bedson/2014/Wales,Folate Augmentation of Treatment--Evaluation for Depression (FolATED): randomised trial and economic evaluation,Randomized Controlled Trial,yes,depression,adults with moderate to severe depression,,"folate: 7.2 ng/mL, vitamin B12: 318.7 pg/mL","folate: 4.2 ng/mL, vitamin B12: 114.9305073 pg/mL",,,"adults with moderate to severe depression taking or about to start taking antidepressants, with no other concomittant psych history ",depression,,,440,placebo,,daily,,2,217,12,AUC BDI-II,217,34,,217,25.7,10.83,,45,37,,"45 reported AEs, 14 serious; 3 adverse reactions. No significant difference between groups.",low,low,low,low,low,some concerns,low,low,,OLS,1.09,11.13814973,0.86,8,,,,0.207373272,45,,,
Bedson/2014/Wales,Folate Augmentation of Treatment--Evaluation for Depression (FolATED): randomised trial and economic evaluation,Randomized Controlled Trial,yes,depression,adults with moderate to severe depression,,"folate: 7.1 ng/mL, vitamin B12: 306 pg/mL","folate: 4.2 ng/mL, vitamin B12: 121.6252064 pg/mL",,,"adults with moderate to severe depression taking or about to start taking antidepressants, with no other concomittant psych history ",depression,,,440,vitamin B9,5 mg,daily,5 mg,2,223,12,AUC BDI-II,223,33,,223,25.64,11.43,,45,35,,"33 reported AEs, 6 serious; 4 adverse reactions. No significant difference between groups.",low,low,low,low,low,some concerns,low,low,,,0,11.13814973,0.86,8,,,,0.147982063,33,,,
Bedson/2014/Wales,Folate Augmentation of Treatment--Evaluation for Depression (FolATED): randomised trial and economic evaluation,Randomized Controlled Trial,yes,depression,adults with moderate to severe depression,,"folate: 7.2 ng/mL, vitamin B12: 318.7 pg/mL","folate: 4.2 ng/mL, vitamin B12: 114.9305073 pg/mL",,,"adults with moderate to severe depression taking or about to start taking antidepressants, with no other concomittant psych history ",depression,,,440,placebo,,daily,,2,217,12,AUC MADRS,217,29,,217,22.17,7.59,,45,37,,"45 reported AEs, 14 serious; 3 adverse reactions. No significant difference between groups.",low,low,low,low,low,some concerns,low,low,,OLS,0.71,7.97895245,0.62,8,,,,0.207373272,45,,,
Bedson/2014/Wales,Folate Augmentation of Treatment--Evaluation for Depression (FolATED): randomised trial and economic evaluation,Randomized Controlled Trial,yes,depression,adults with moderate to severe depression,,"folate: 7.1 ng/mL, vitamin B12: 306 pg/mL","folate: 4.2 ng/mL, vitamin B12: 121.6252064 pg/mL",,,"adults with moderate to severe depression taking or about to start taking antidepressants, with no other concomittant psych history ",depression,,,440,vitamin B9,5 mg,daily,5 mg,2,223,12,AUC MADRS,223,28,,223,22.39,8.34,,45,35,,"33 reported AEs, 6 serious; 4 adverse reactions. No significant difference between groups.",low,low,low,low,low,some concerns,low,low,,,0,7.97895245,0.62,8,,,,0.147982063,33,,,
Wadud/2024/Pakistan,Role of Ascorbic Acid in Improving Mood in Patients with Depression: A Randomized Controlled Trial,Randomized Controlled Trial,no,depression,depressed patients,,vitamin C: 1.32 mg/dL,vitamin C: 0.48 mg/dL,vitamin C: 1.94 mg/dL,vitamin C: 0.65 mg/dL,not stated,depression,,,102,"vitamin C, SSRI","500 mg, various",daily,"500 mg, various",2,51,13,HAM-D,51,20.92,6.49,39,14.35,8.29,,,35.3,no advantage to supplementation,not reported,some concerns,some concerns,some concerns,high,high,low,high,high,,,,,,,,,,,,,,
Wadud/2024/Pakistan,Role of Ascorbic Acid in Improving Mood in Patients with Depression: A Randomized Controlled Trial,Randomized Controlled Trial,no,depression,depressed patients,,vitamin C: 1.25 mg/dL,vitamin C: 0.41 mg/dL,vitamin C: 1.99 mg/dL,vitamin C: 0.74 mg/dL,not stated,depression,,,102,SSRI,various,daily,various,2,51,13,HAM-D,51,23.14,5.68,34,12.53,6.46,,,35.3,no advantage to supplementation,not reported,some concerns,some concerns,some concerns,high,high,low,high,high,,,,,,,,,,,,,,
Ghaderi/2020/Iran,Exploring the Effects of Vitamin D Supplementation on Cognitive Functions and Mental Health Status in Subjects Under Methadone Maintenance Treatment,Randomized Controlled Trial,yes,depression,patients on mmt,,vitamin D: 14.1 ng/mL,vitamin D: 4.2 ng/mL,vitamin D: 27.5 ng/mL,vitamin D: 4.2 ng/mL,"patients 25-70yo on MMT, not taking vit d, multivitamin or antioxidants","depression, anxiety",,"OUD, methadone",64,vitamin D,50000 IU,q2wks,3571.4285714286 IU,2,35,24,Beck Depression Inventory,32,14.8,5.6,32,12.7,4.6,,37.5,100,"reduction in depression, increase in anxiety",none reported,low,low,low,low,low,low,some concerns,low,,OLS,-2.76,3.845126786,0.604699048,13,,,,,,,,
Ghaderi/2020/Iran,Exploring the Effects of Vitamin D Supplementation on Cognitive Functions and Mental Health Status in Subjects Under Methadone Maintenance Treatment,Randomized Controlled Trial,yes,depression,patients on mmt,,vitamin D: 13.1 ng/mL,vitamin D: 3.6 ng/mL,vitamin D: 12 ng/mL,vitamin D: 41 ng/mL,"patients 25-70yo on MMT, not taking vit d, multivitamin or antioxidants","depression, anxiety",,"OUD, methadone",64,placebo,,q2wks,,2,35,24,Beck Depression Inventory,32,15.9,4.4,32,16.1,2.9,,40.8,100,"reduction in depression, increase in anxiety",none reported,low,low,low,low,low,low,some concerns,low,,,-2.76,3.845126786,0.604699048,13,,,,,,,,
Ghaderi/2020/Iran,Exploring the Effects of Vitamin D Supplementation on Cognitive Functions and Mental Health Status in Subjects Under Methadone Maintenance Treatment,Randomized Controlled Trial,yes,anxiety,patients on mmt,,vitamin D: 14.1 ng/mL,vitamin D: 4.2 ng/mL,vitamin D: 27.5 ng/mL,vitamin D: 4.2 ng/mL,"patients 25-70yo on MMT, not taking vit d, multivitamin or antioxidants","depression, anxiety",,"OUD, methadone",64,vitamin D,50000 IU,q2wks,3571.4285714286 IU,2,35,24,BAI,32,16.7,4.8,32,19,3.7,,37.5,100,"reduction in depression, increase in anxiety",none reported,low,low,low,low,low,low,some concerns,low,,OLS,1.29,4.512759688,1.156924211,13,,,,,,,,
Ghaderi/2020/Iran,Exploring the Effects of Vitamin D Supplementation on Cognitive Functions and Mental Health Status in Subjects Under Methadone Maintenance Treatment,Randomized Controlled Trial,yes,anxiety,patients on mmt,,vitamin D: 13.1 ng/mL,vitamin D: 3.6 ng/mL,vitamin D: 12 ng/mL,vitamin D: 41 ng/mL,"patients 25-70yo on MMT, not taking vit d, multivitamin or antioxidants","depression, anxiety",,"OUD, methadone",64,placebo,0,q2wks,,2,35,24,BAI,32,15.1,2.7,32,17.8,5.2,,40.8,100,"reduction in depression, increase in anxiety",none reported,low,low,low,low,low,low,some concerns,low,,,1.29,4.512759688,1.156924211,13,,,,,,,,
Coppen/2000/UK,"Enhancement of the antidepressant action of fluoxetine by folic acid: a randomised, placebo controlled trial",Randomized Controlled Trial,yes,depression,adults with first episode of depression,,vitamin B9: 4.24 ng/mL,vitamin B9: 1.67 ng/mL,vitamin B9: 2.24 ng/mL,,adults with new diagnosis/first episode of MDD with no prior folic acid or antidepressants,depression,,,127,fluoxetine,20 mg,daily,20 mg,2,65,10,HRS,65,26.6,4,51,10.7,7.1,,44.3,37.9,"Women had significantly more improvement in Hamilton Rating Scale scores with folic acid+fluoxetine compared to placebo+fluoxetine. There was no significant difference when not stratifying groups by sex (i.e. comparing each group generally) or if only comparing men. Patients receiving folate showed a significant increase in plasma folate.This was less in men than in women. Plasma homocysteine was significantly decreased in women by 20.6%, but there was no significant change in men. Overall there was a significantly greater improvement in the fluoxetine plus folic acid group. This was confined to women where the mean Hamilton Rating Scale score on completion was 6.8 (S.D. 4.1) in the fluoxetine plus folate group, as compared to 11.7 (S.D. 6.7) in the fluoxetine plus placebo group (P , 0.001).A percentage of 93.9 of women, who received the folic acid supplement, showed a good response ( . 50% reduction in score) as compared to 61.1% of women who received placebo supplement (P , 0.005). Eight (12.9%) patients in the fluoxetine plus folic acid group reported symptoms possibly or probably related to medication, whereas in the fluoxetine plus placebo group 19 (29.7%) patients reported such symptoms (P , 0.05).","Adverse events of any sort, were reported by 29 patients (46.8%) in the fluoxetine plus folic acid fluoxetine plus placebo group (P , 0.05). The total number of reported adverse events of any kind in the folic acid group was 54, as compared to 98 in the placebo group (P , 0.01)",low,low,low,some concerns,low,low,low,low,,,,,,,,,,0.468,24,,,
Coppen/2000/UK,"Enhancement of the antidepressant action of fluoxetine by folic acid: a randomised, placebo controlled trial",Randomized Controlled Trial,yes,depression,adults with first episode of depression,,vitamin B9: 4.21 ng/mL,vitamin B9: 1.66 ng/mL,vitamin B9: 9.85 ng/mL,,adults with new diagnosis/first episode of MDD with no prior folic acid or antidepressants,depression,,,127,"vitamin B9, fluoxetine","500 ug, 20 mg",daily,"500 ug, 20 mg",2,62,10,HRS,62,26.8,5,49,8.1,5.4,,41.9,35.3,"Women had significantly more improvement in Hamilton Rating Scale scores with folic acid+fluoxetine compared to placebo+fluoxetine. There was no significant difference when not stratifying groups by sex (i.e. comparing each group generally) or if only comparing men. Patients receiving folate showed a significant increase in plasma folate.This was less in men than in women. Plasma homocysteine was significantly decreased in women by 20.6%, but there was no significant change in men. Overall there was a significantly greater improvement in the fluoxetine plus folic acid group. This was confined to women where the mean Hamilton Rating Scale score on completion was 6.8 (S.D. 4.1) in the fluoxetine plus folate group, as compared to 11.7 (S.D. 6.7) in the fluoxetine plus placebo group (P , 0.001).A percentage of 93.9 of women, who received the folic acid supplement, showed a good response ( . 50% reduction in score) as compared to 61.1% of women who received placebo supplement (P , 0.005). Eight (12.9%) patients in the fluoxetine plus folic acid group reported symptoms possibly or probably related to medication, whereas in the fluoxetine plus placebo group 19 (29.7%) patients reported such symptoms (P , 0.05).","one patient attempted suicide and required hospital admission. 8 patients in this group reported side effects (dizziness, nausea, headache, and tiredness), total of 61.5% reported",low,low,low,some concerns,low,low,low,low,,,,,,,,,,0.615,30,,,
America/2008/US,The efficacy of vitamins for reducing or preventing depression symptoms in healthy individuals: natural remedy or placebo?,Randomized Controlled Trial,no,depression,healthy psychology students,,,,,,"healthy pyshology students not on vitamins, mood stabilizers, accutane, retin-a",none,,,114,"vitamin b1, vitamin b2, vitamin b3, vitamin b6, vitamin b5, vitamin b9, vitamin b7, vitamin b12","100 mg, 100 mg, 100 mg, 100 mg, 100 mg, 400 mcg, 100 mcg, 100 mcg",daily,"100 mg, 100 mg, 100 mg, 100 mg, 100 mg, 400 mcg, 100 mcg, 100 mcg",4,31,6,Beck Depression Inventory,27,6,7.63,27,3.45,5.01,,22.5,29,"There was no difference between the multivitamin, the B-vitamin, and the placebo. The effect of each of the vitamin regimens on depression symptoms was partially mediated by response expectancies. The results do not support the efficacy of vitamins as a natural remedy for reducing or preventing depression symptoms among healthy people in the general population.",n/a,some concerns,some concerns,high,high,some concerns,some concerns,high,high,,gain scores,-2.55,5.278959633,,,,,,,,,,
America/2008/US,The efficacy of vitamins for reducing or preventing depression symptoms in healthy individuals: natural remedy or placebo?,Randomized Controlled Trial,no,depression,healthy psychology students,,,,,,"healthy pyshology students not on vitamins, mood stabilizers, accutane, retin-a",none,,,114,"vitamin A, vitamin C, vitamin D, vitamin E, vitamin B1, vitamin B2, vitamin B3, vitamin B6, vitamin B9, vitamin B12, vitamin b7, vitamin b5, calcium, iron, magnesium, zinc","1500 IU, 250 mg, 400 IU, 150 IU, 75 mg, 75 mg, 75 mg, 75 mg, 400 ug, 75 mg, 75 mcg, 75 mg, 20 mg, 1.3 mg, 10 mg, 10 mg",daily,"1500 IU, 250 mg, 400 IU, 150 IU, 75 mg, 75 mg, 75 mg, 75 mg, 400 ug, 75 mg, 75 mcg, 75 mg, 20 mg, 1.3 mg, 10 mg, 10 mg",4,27,6,Beck Depression Inventory,31,5.93,4.51,31,4.07,3.53,,22.5,25.9,"There was no difference between the multivitamin, the B-vitamin, and the placebo. The effect of each of the vitamin regimens on depression symptoms was partially mediated by response expectancies. The results do not support the efficacy of vitamins as a natural remedy for reducing or preventing depression symptoms among healthy people in the general population.",n/a,some concerns,some concerns,high,high,some concerns,some concerns,high,high,,gain scores,-1.86,3.937658447,,,,,,,,,,
America/2008/US,The efficacy of vitamins for reducing or preventing depression symptoms in healthy individuals: natural remedy or placebo?,Randomized Controlled Trial,no,depression,healthy psychology students,,,,,,"healthy pyshology students not on vitamins, mood stabilizers, accutane, retin-a",none,,,114,placebo,,daily,,4,28,6,Beck Depression Inventory,28,4.08,3.72,28,2.36,2.74,,22.5,46.4,"There was no difference between the multivitamin, the B-vitamin, and the placebo. The effect of each of the vitamin regimens on depression symptoms was partially mediated by response expectancies. The results do not support the efficacy of vitamins as a natural remedy for reducing or preventing depression symptoms among healthy people in the general population.",n/a,some concerns,some concerns,high,high,some concerns,some concerns,high,high,,gain scores,-1.72,3.434484721,,,,,,,,,,
America/2008/US,The efficacy of vitamins for reducing or preventing depression symptoms in healthy individuals: natural remedy or placebo?,Randomized Controlled Trial,no,depression,healthy psychology students,,,,,,"healthy pyshology students not on vitamins, mood stabilizers, accutane, retin-a",none,,,114,none,,daily,,4,28,6,Beck Depression Inventory,28,6.32,7.23,28,7.04,6.71,,22.5,28.6,"There was no difference between the multivitamin, the B-vitamin, and the placebo. The effect of each of the vitamin regimens on depression symptoms was partially mediated by response expectancies. The results do not support the efficacy of vitamins as a natural remedy for reducing or preventing depression symptoms among healthy people in the general population.",n/a,some concerns,some concerns,high,high,some concerns,some concerns,high,high,,,,,,,,,,,,,,
Wang/2016/China,"Efficacy of High-Dose Supplementation With Oral Vitamin D3 on Depressive Symptoms in Dialysis Patients With Vitamin D3 Insufficiency: A Prospective, Randomized, Double-Blind Study",Randomized Controlled Trial,yes,depression,ESRD patients,,25(OH)D: 21.9 ng/mL,25(OH)D: 4.1 ng/mL,25(OH)D: 41.3 ng/mL,25(OH)D: 13.7 ng/mL,adult patients with ESRD on PD/HD not on antidepressants with no symptoms of severe depression,depression,vitamin D,ESRD,726,vitamin D,50000 IU,weekly,7142.8571428571 IU,2,362,52,Beck Depression Inventory,362,22.7,4.3,362,19.6,3.7,,18-64: 54.1%; >65: 45.9%,61,Both groups had significant improvement in depression symptoms. vitamin D did not provide significant greater improvement in depression compared to placebo.,"Adverse events included bone and joint pains, swelling, itching, constipation, diarrhea, anorexia, dysphagia, nausea, and vomiting after the use of VD3. Adverse events led to discontinuation of medication in the test group, including bone and joint pains (n = 2), diarrhea (1), vomiting (1), and vomiting nausea (1).",low,low,low,low,low,low,low,low,,OLS,-2.3,4.457243159,0.16553985,8,,,,0.013812155,5,,,
Wang/2016/China,"Efficacy of High-Dose Supplementation With Oral Vitamin D3 on Depressive Symptoms in Dialysis Patients With Vitamin D3 Insufficiency: A Prospective, Randomized, Double-Blind Study",Randomized Controlled Trial,yes,depression,ESRD patients,,25(OH)D: 23.2 ng/mL,25(OH)D: 5.8 ng/mL,25(OH)D: 23.1 ng/mL,25(OH)D: 7.5 ng/mL,adult patients with ESRD on PD/HD not on antidepressants with no symptoms of severe depression,depression,vitamin D,ESRD,726,placebo,,weekly,,2,364,52,Beck Depression Inventory,364,21.9,5.4,364,20.8,5.1,,18-64: 52.2%; >65: 47.8%,57.7,Both groups had significant improvement in depression symptoms. vitamin D did not provide significant greater improvement in depression compared to placebo.,"Adverse events included bone and joint pains, swelling, itching, constipation, diarrhea, anorexia, dysphagia, nausea, and vomiting after the use of VD3. Adverse events led to discontinuation of medication in the test group, including bone and joint pains (n = 2), diarrhea (1), vomiting (1), and vomiting nausea (1).",low,low,low,low,low,low,low,low,,,0,4.457243159,0.16553985,8,,,,0,0,,,
Barragan-Rodriguez/2008/Mexico,"Efficacy and safety of oral Magnesium supplementation in the treatment of depression in the elderly with type 2 diabetes: a randomized, equivalent trial",Randomized Controlled Trial,no,depression,elderly,,magnesium: 1.3 mg/dl,magnesium: 0.04 mg/dl,magnesium: 2.1 mg/dL,magnesium: 0.08 mg/dl,"elderly subjects with newly diagnosed depression, T2DM, hypomagnesemia, with no widowhood/divorce in last 6mo",depression,,type 2 diabetes,23,magnesium,2.5 mg,daily,2.5 mg,2,12,12,Yasavage and Brink Depression Scale,12,17.9,3.9,12,11.4,3.8,,67.4,,"At end of follow-up, there were no significant differences in the Yasavage and Brink score (11.4 ± 3.8 and 10.9 ± 4.3, p = 0.27) between the groups in study; whereas serum magnesium levels were significantly higher in the group with MgCl2 (2.1 ± 0.08 mg/dL) than in the subjects with imipramine (1.5 ± 0.07 mg/dL), p < 0.0005. In conclusion, MgCl2 is as effective in the treatment of depressed elderly type 2 diabetics with hypomagnesemia as imipramine 50 mg daily.",None,low,some concerns,high,some concerns,low,low,high,high,,,,,,,,,,0,0,,,
Barragan-Rodriguez/2008/Mexico,"Efficacy and safety of oral Magnesium supplementation in the treatment of depression in the elderly with type 2 diabetes: a randomized, equivalent trial",Randomized Controlled Trial,no,depression,elderly,,magnesium: 1.4 mg/dl,magnesium: 0.04 mg/dl,magnesium: 1.5 mg/dL,magnesium: 0.07 mg/dl,"elderly subjects with newly diagnosed depression, T2DM, hypomagnesemia, with no widowhood/divorce in last 6mo",depression,,type 2 diabetes,23,imipramine,various,daily,various,2,11,12,Yasavage and Brink Depression Scale,11,16.1,4.5,9,10.9,4.3,,67.4,,"At end of follow-up, there were no significant differences in the Yasavage and Brink score (11.4 ± 3.8 and 10.9 ± 4.3, p = 0.27) between the groups in study; whereas serum magnesium levels were significantly higher in the group with MgCl2 (2.1 ± 0.08 mg/dL) than in the subjects with imipramine (1.5 ± 0.07 mg/dL), p < 0.0005. In conclusion, MgCl2 is as effective in the treatment of depressed elderly type 2 diabetics with hypomagnesemia as imipramine 50 mg daily.","All the subjects in the imipramine group had at least one drug-related adverse event such as dry mouth, constipation, sweating, hot flashes, disorders of visual accommodation and blurred vision, urination disorders, fatigue, somno- lence, increased anxiety, sleep disorders, confusion, disorientation and auditive hallucinations, fine tremor, headaches and dizziness, sinus tachycardia, nausea, anorexia, and itch.",low,some concerns,high,some concerns,low,low,high,high,,,,,,,,,,1,9,,,
Yosaee/2020/Iran,"Effects of zinc, vitamin D, and their co-supplementation on mood, serum cortisol, and brain-derived neurotrophic factor in patients with obesity and mild to moderate depressive symptoms: A phase II, 12-wk, 2‚ÄØx‚ÄØ2 factorial design, double-blind, randomized,",Randomized Controlled Trial,yes,depression,obese patients,,"zinc: 60.25 ug/dL, vitamin D: 26.07 ng/mL","zinc: 17.74 ug/dL, vitamin D: 13.27 ng/mL","zinc: 58.6 ug/dL, vitamin D: 36.29 ng/mL","zinc: 13.30 ug/dL, vitamin D: 11.28 ng/mL","overweight/obese 20+yo with BDI-II >/=10 not on antidepressants, no other psych history, ",depression,,"overweight, mild depression or greater",140,vitamin D,2000 IU,daily,2000 IU,4,35,12,Beck Depression Inventory,27,,,27,,,,38.28,79.4,improved depression score compared to placebo,none reported,low,low,low,low,high,low,low,high,,gain scores,-3.87,5.76358932,,,,,,0,0,,,
Yosaee/2020/Iran,"Effects of zinc, vitamin D, and their co-supplementation on mood, serum cortisol, and brain-derived neurotrophic factor in patients with obesity and mild to moderate depressive symptoms: A phase II, 12-wk, 2‚ÄØx‚ÄØ2 factorial design, double-blind, randomized,",Randomized Controlled Trial,yes,depression,obese patients,,"zinc: 57.13 ug/dL, vitamin D: 15.86 ng/mL","zinc: 21.19 ug/dL, vitamin D: 9.03 ng/mL","zinc: 77.03 ug/dL, vitamin D: 14 ng/mL","zinc: 47.26 ug/dL, vitamin D: 8.06ng/mL","overweight/obese 20+yo with BDI-II >/=10 not on antidepressants, no other psych history, ",depression,,"overweight, mild depression or greater",140,zinc,30 mg,daily,30 mg,4,35,12,Beck Depression Inventory,24,,,24,,,,38.71,76.47,"improved depression score compared to placebo, better than monotherapy vitamin D",none reported,low,low,low,low,high,low,low,high,,gain scores,-7.02,5.19818259,,,,,,0,0,,,
Yosaee/2020/Iran,"Effects of zinc, vitamin D, and their co-supplementation on mood, serum cortisol, and brain-derived neurotrophic factor in patients with obesity and mild to moderate depressive symptoms: A phase II, 12-wk, 2‚ÄØx‚ÄØ2 factorial design, double-blind, randomized,",Randomized Controlled Trial,yes,depression,obese patients,,"zinc: 115.37 ug/dL, vitamin D: 10.44 ng/mL","zinc: 22.45 ug/dL, vitamin D: 5.23 ng/mL","zinc: 127.9 ug/dL, vitamin D: 17.93 ng/mL","zinc: 38.65 ug/dL, vitamin D: 5.23 ng/mL","overweight/obese 20+yo with BDI-II >/=10 not on antidepressants, no other psych history, ",depression,,"overweight, mild depression or greater",140,"zinc, vitamin D","30 mg, 2000 IU",daily,"30 mg, 2000 IU",4,35,12,Beck Depression Inventory,25,,,25,,,,38.93,72.73,improved depression score compared to placebo,none reported,low,low,low,low,high,low,low,high,,gain scores,-7.62,7.29202504,,,,,,0,0,,,
Yosaee/2020/Iran,"Effects of zinc, vitamin D, and their co-supplementation on mood, serum cortisol, and brain-derived neurotrophic factor in patients with obesity and mild to moderate depressive symptoms: A phase II, 12-wk, 2‚ÄØx‚ÄØ2 factorial design, double-blind, randomized,",Randomized Controlled Trial,yes,depression,obese patients,,"zinc: 62.48 ug/dL, vitamin D: 20.51 ng/mL","zinc: 19 ug/dL, vitamin D: 10 ng/mL","zinc: 56.8 ug/dL, vitamin D: 16.85 ng/mL","zinc: 14 ug/dL, vitamin D: 10 ng/mL","overweight/obese 20+yo with BDI-II >/=10 not on antidepressants, no other psych history, ",depression,,"overweight, mild depression or greater",140,placebo,,daily,,4,35,12,Beck Depression Inventory,22,,,22,,,,37.31,81.25,improved depression score compared to placebo,none reported,low,low,low,low,high,low,low,high,,gain scores,-0.76,5.1536491,,,,,,0,0,,,
America/2008/US,The efficacy of vitamins for reducing or preventing depression symptoms in healthy individuals: natural remedy or placebo?,Randomized Controlled Trial,no,depression,healthy psychology students,,,,,,"healthy pyshology students not on vitamins, mood stabilizers, accutane, retin-a",none,,,114,"vitamin b1, vitamin b2, vitamin b3, vitamin b6, vitamin b5, vitamin b9, vitamin b7, vitamin b12","100 mg, 100 mg, 100 mg, 100 mg, 100 mg, 400 mcg, 100 mcg, 100 mcg",daily,"100 mg, 100 mg, 100 mg, 100 mg, 100 mg, 400 mcg, 100 mcg, 100 mcg",4,31,6,POMS-D,27,9.44,6.98,27,7.65,7.72,,22.5,29,"There was no difference between the multivitamin, the B-vitamin, and the placebo. The effect of each of the vitamin regimens on depression symptoms was partially mediated by response expectancies. The results do not support the efficacy of vitamins as a natural remedy for reducing or preventing depression symptoms among healthy people in the general population.",n/a,some concerns,some concerns,high,high,some concerns,some concerns,high,high,,,,,,,,,,,,>=,0,1
America/2008/US,The efficacy of vitamins for reducing or preventing depression symptoms in healthy individuals: natural remedy or placebo?,Randomized Controlled Trial,no,depression,healthy psychology students,,,,,,"healthy pyshology students not on vitamins, mood stabilizers, accutane, retin-a",none,,,114,"vitamin A, vitamin C, vitamin D, vitamin E, vitamin B1, vitamin B2, vitamin B3, vitamin B6, vitamin B9, vitamin B12, vitamin b7, vitamin b5, calcium, iron, magnesium, zinc","1500 IU, 250 mg, 400 IU, 150 IU, 75 mg, 75 mg, 75 mg, 75 mg, 400 ug, 75 mg, 75 mcg, 75 mg, 20 mg, 1.3 mg, 10 mg, 10 mg",daily,"1500 IU, 250 mg, 400 IU, 150 IU, 75 mg, 75 mg, 75 mg, 75 mg, 400 ug, 75 mg, 75 mcg, 75 mg, 20 mg, 1.3 mg, 10 mg, 10 mg",4,27,6,POMS-D,31,6.85,4.74,31,7.22,6.42,,22.5,25.9,"There was no difference between the multivitamin, the B-vitamin, and the placebo. The effect of each of the vitamin regimens on depression symptoms was partially mediated by response expectancies. The results do not support the efficacy of vitamins as a natural remedy for reducing or preventing depression symptoms among healthy people in the general population.",n/a,some concerns,some concerns,high,high,some concerns,some concerns,high,high,,,,,,,,,,,,>=,0,1
America/2008/US,The efficacy of vitamins for reducing or preventing depression symptoms in healthy individuals: natural remedy or placebo?,Randomized Controlled Trial,no,depression,healthy psychology students,,,,,,"healthy pyshology students not on vitamins, mood stabilizers, accutane, retin-a",none,,,114,placebo,0,daily,,4,28,6,POMS-D,28,8.82,6.85,28,8.27,6.19,,22.5,46.4,"There was no difference between the multivitamin, the B-vitamin, and the placebo. The effect of each of the vitamin regimens on depression symptoms was partially mediated by response expectancies. The results do not support the efficacy of vitamins as a natural remedy for reducing or preventing depression symptoms among healthy people in the general population.",n/a,some concerns,some concerns,high,high,some concerns,some concerns,high,high,,,,,,,,,,,,>=,0,1
America/2008/US,The efficacy of vitamins for reducing or preventing depression symptoms in healthy individuals: natural remedy or placebo?,Randomized Controlled Trial,no,depression,healthy psychology students,,,,,,"healthy pyshology students not on vitamins, mood stabilizers, accutane, retin-a",none,,,114,none,,daily,,4,28,6,POMS-D,28,9.57,8,28,11.15,8.99,,22.5,28.6,"There was no difference between the multivitamin, the B-vitamin, and the placebo. The effect of each of the vitamin regimens on depression symptoms was partially mediated by response expectancies. The results do not support the efficacy of vitamins as a natural remedy for reducing or preventing depression symptoms among healthy people in the general population.",n/a,some concerns,some concerns,high,high,some concerns,some concerns,high,high,,,,,,,,,,,,>=,0,1
Kumar/2022/India,"A randomized, double-blind, placebo-controlled, 12-week trial of vitamin D augmentation in major depressive disorder associated with vitamin D deficiency",Randomized Controlled Trial,yes,depression,"18-65, depressed patients, outpatient",,25(OH)D: 11.6 ng/mL,25(OH)D: 2.6 ng/mL,25(OH)D: 77.9 ng/mL,25(OH)D: 40.6 ng/mL,"Subjects were outpatients, aged 18 to 65 years, diagnosed with major depressive disorder without psychotic features, based on the Diagnostic and Statistical Manual of Mental Disorders-5 criteria (American Psy­chiatric Association, 2013), and with a score ≥ 15 on the 17-item Hamilton Depression Rating Scale (HAM-D) (Hamilton, 1960). Pa­tients were recruited only if they had no antidepressant or antipsychotic exposure in the past 2 months and if their serum 25-hydroxy vitamin D (25[OH]D) level was <20 ng/ml, indicating deficiency (Holick et al., 2011). Patients were excluded if they had suicidal ideation, major co­morbid psychiatric disorders such as posttraumatic stress disorder, co­morbid substance use disorder, or comorbid unstable medical disorder. 
Pregnant and lactating women were also excluded. ",depression,vitamin D,,59,"vitamin D, escitalopram","60000 IU, 20 mg","q5 days, daily","12000 IU, 20 mg",2,31,12,HAM-D,31,25.7,8,31,5.7,6.9,,34.9,32.3,"VitD supplementation does not improve antidepressant outcomes with flexibly dosed escitalopram.
VitD deficient depressed patients may require higher antidepressant doses to experience benefits similar to those
whose deficiency is corrected by VitD supplementation.",none,low,low,low,low,low,low,low,low,,,,,,,,,,0,0,,,
Kumar/2022/India,"A randomized, double-blind, placebo-controlled, 12-week trial of vitamin D augmentation in major depressive disorder associated with vitamin D deficiency",Randomized Controlled Trial,yes,depression,"18-65, depressed patients, outpatient",,25(OH)D: 11.4 ng/mL,25(OH)D: 3.3ng/mL,25(OH)D: 33.6 ng/mL,25(OH)D: 41.2 ng/mL,"Subjects were outpatients, aged 18 to 65 years, diagnosed with major depressive disorder without psychotic features, based on the Diagnostic and Statistical Manual of Mental Disorders-5 criteria (American Psy­chiatric Association, 2013), and with a score ≥ 15 on the 17-item Hamilton Depression Rating Scale (HAM-D) (Hamilton, 1960). Pa­tients were recruited only if they had no antidepressant or antipsychotic exposure in the past 2 months and if their serum 25-hydroxy vitamin D (25[OH]D) level was <20 ng/ml, indicating deficiency (Holick et al., 2011). Patients were excluded if they had suicidal ideation, major co­morbid psychiatric disorders such as posttraumatic stress disorder, co­morbid substance use disorder, or comorbid unstable medical disorder. 
Pregnant and lactating women were also excluded. ",depression,vitamin D,,59,escitalopram,20 mg,daily,20 mg,2,28,12,HAM-D,28,25.8,10.3,28,5,5.5,,39.3,21.4,"VitD supplementation does not improve antidepressant outcomes with flexibly dosed escitalopram.
VitD deficient depressed patients may require higher antidepressant doses to experience benefits similar to those
whose deficiency is corrected by VitD supplementation.",4 adverse events,low,low,low,low,low,low,low,low,,,,,,,,,,0.142857143,4,,,
Kumar/2022/India,"A randomized, double-blind, placebo-controlled, 12-week trial of vitamin D augmentation in major depressive disorder associated with vitamin D deficiency",Randomized Controlled Trial,yes,depression,"18-65, depressed patients, outpatient",,25(OH)D: 11.6 ng/mL,25(OH)D: 2.6 ng/mL,25(OH)D: 77.9 ng/mL,25(OH)D: 40.6 ng/mL,"Subjects were outpatients, aged 18 to 65 years, diagnosed with major depressive disorder without psychotic features, based on the Diagnostic and Statistical Manual of Mental Disorders-5 criteria (American Psy­chiatric Association, 2013), and with a score ≥ 15 on the 17-item Hamilton Depression Rating Scale (HAM-D) (Hamilton, 1960). Pa­tients were recruited only if they had no antidepressant or antipsychotic exposure in the past 2 months and if their serum 25-hydroxy vitamin D (25[OH]D) level was <20 ng/ml, indicating deficiency (Holick et al., 2011). Patients were excluded if they had suicidal ideation, major co­morbid psychiatric disorders such as posttraumatic stress disorder, co­morbid substance use disorder, or comorbid unstable medical disorder. 
Pregnant and lactating women were also excluded. ",depression,vitamin D,,59,"vitamin D, escitalopram","60000 IU, 20 mg","q5 days, daily","12000 IU, 20 mg",2,31,12,MADRS,31,36.4,11.5,31,5.5,16,,34.9,32.3,"VitD supplementation does not improve antidepressant outcomes with flexibly dosed escitalopram.
VitD deficient depressed patients may require higher antidepressant doses to experience benefits similar to those
whose deficiency is corrected by VitD supplementation.",none,low,low,low,low,low,low,low,low,,cohen's d,-0.284125452,,,,,,,0,0,,,
Kumar/2022/India,"A randomized, double-blind, placebo-controlled, 12-week trial of vitamin D augmentation in major depressive disorder associated with vitamin D deficiency",Randomized Controlled Trial,yes,depression,"18-65, depressed patients, outpatient",,25(OH)D: 11.4 ng/mL,25(OH)D: 3.3ng/mL,25(OH)D: 33.6 ng/mL,25(OH)D: 41.2 ng/mL,"Subjects were outpatients, aged 18 to 65 years, diagnosed with major depressive disorder without psychotic features, based on the Diagnostic and Statistical Manual of Mental Disorders-5 criteria (American Psy­chiatric Association, 2013), and with a score ≥ 15 on the 17-item Hamilton Depression Rating Scale (HAM-D) (Hamilton, 1960). Pa­tients were recruited only if they had no antidepressant or antipsychotic exposure in the past 2 months and if their serum 25-hydroxy vitamin D (25[OH]D) level was <20 ng/ml, indicating deficiency (Holick et al., 2011). Patients were excluded if they had suicidal ideation, major co­morbid psychiatric disorders such as posttraumatic stress disorder, co­morbid substance use disorder, or comorbid unstable medical disorder. 
Pregnant and lactating women were also excluded. ",depression,vitamin D,,59,escitalopram,20 mg,daily,20 mg,2,28,12,MADRS,28,33.1,10.2,28,4,11.5,,39.3,21.4,"VitD supplementation does not improve antidepressant outcomes with flexibly dosed escitalopram.
VitD deficient depressed patients may require higher antidepressant doses to experience benefits similar to those
whose deficiency is corrected by VitD supplementation.",4 adverse events,low,low,low,low,low,low,low,low,,cohen's d,0,,,,,,,0.142857143,4,,,
Kumar/2022/India,"A randomized, double-blind, placebo-controlled, 12-week trial of vitamin D augmentation in major depressive disorder associated with vitamin D deficiency",Randomized Controlled Trial,yes,depression,"18-65, depressed patients, outpatient",,25(OH)D: 11.6 ng/mL,25(OH)D: 2.6 ng/mL,25(OH)D: 77.9 ng/mL,25(OH)D: 40.6 ng/mL,"Subjects were outpatients, aged 18 to 65 years, diagnosed with major depressive disorder without psychotic features, based on the Diagnostic and Statistical Manual of Mental Disorders-5 criteria (American Psy­chiatric Association, 2013), and with a score ≥ 15 on the 17-item Hamilton Depression Rating Scale (HAM-D) (Hamilton, 1960). Pa­tients were recruited only if they had no antidepressant or antipsychotic exposure in the past 2 months and if their serum 25-hydroxy vitamin D (25[OH]D) level was <20 ng/ml, indicating deficiency (Holick et al., 2011). Patients were excluded if they had suicidal ideation, major co­morbid psychiatric disorders such as posttraumatic stress disorder, co­morbid substance use disorder, or comorbid unstable medical disorder. 
Pregnant and lactating women were also excluded. ",depression,vitamin D,,59,"vitamin D, escitalopram","60000 IU, 20 mg","q5 days, daily","12000 IU, 20 mg",2,31,12,Beck Depression Inventory,31,25.3,10.3,31,,,,34.9,32.3,"VitD supplementation does not improve antidepressant outcomes with flexibly dosed escitalopram.
VitD deficient depressed patients may require higher antidepressant doses to experience benefits similar to those
whose deficiency is corrected by VitD supplementation.",none,low,low,low,low,low,low,low,low,,cohen's d,-0.228831021,,,,,,,0,0,,,
Kumar/2022/India,"A randomized, double-blind, placebo-controlled, 12-week trial of vitamin D augmentation in major depressive disorder associated with vitamin D deficiency",Randomized Controlled Trial,yes,depression,"18-65, depressed patients, outpatient",,25(OH)D: 11.4 ng/mL,25(OH)D: 3.3ng/mL,25(OH)D: 33.6 ng/mL,25(OH)D: 41.2 ng/mL,"Subjects were outpatients, aged 18 to 65 years, diagnosed with major depressive disorder without psychotic features, based on the Diagnostic and Statistical Manual of Mental Disorders-5 criteria (American Psy­chiatric Association, 2013), and with a score ≥ 15 on the 17-item Hamilton Depression Rating Scale (HAM-D) (Hamilton, 1960). Pa­tients were recruited only if they had no antidepressant or antipsychotic exposure in the past 2 months and if their serum 25-hydroxy vitamin D (25[OH]D) level was <20 ng/ml, indicating deficiency (Holick et al., 2011). Patients were excluded if they had suicidal ideation, major co­morbid psychiatric disorders such as posttraumatic stress disorder, co­morbid substance use disorder, or comorbid unstable medical disorder. 
Pregnant and lactating women were also excluded. ",depression,vitamin D,,59,escitalopram,20 mg,daily,20 mg,2,28,12,Beck Depression Inventory,28,27.9,12.8,28,,,,39.3,21.4,"VitD supplementation does not improve antidepressant outcomes with flexibly dosed escitalopram.
VitD deficient depressed patients may require higher antidepressant doses to experience benefits similar to those
whose deficiency is corrected by VitD supplementation.",4 adverse events,low,low,low,low,low,low,low,low,,cohen's d,0,,,,,,,0.142857143,4,,,
Venkatasubramanian/2013/India,A randomized double-blind comparison of fluoxetine augmentation by high and low dosage folic acid in patients with depressive episodes,Randomized Controlled Trial,yes,depression,"16-45, women with depression, outpatient",,,,,,"1. Aged between 16 and 45 years
2. Provision of written informed consent
3. Scores of at least 18 on Hamilton depression rating scale
4. Absence of symptoms necessitating alternate treatment like
suicidal ideation (score of at least three on item no 3 of HDRS),
stupor
5. Haemoglobin level of 410 g%, mean corpuscular volume not
exceeding 100 fl, normal peripheral smear
6. Drug free state for 8 weeks. For the purpose of this study, a
patient who had received antidepressants, benzodiazepines or
neuroleptics (non-depot) for four days or more during the past
8 weeks was considered as drug free
7. No contraindication to fluoxetine therapy: e.g., history of acute
gastritis, duodenal ulcer, severe reflux oesophagitis or intolerance/
allergy to fluoxetine in previous episodes of depression or history
of non-response to fluoxetine in previous depressive episodes
8. Absence of any psychiatric comorbidity as assessed by detailed
clinical interview
9. Absence of any physical comorbidity as assessed by history/
physical examination.Bipolar depression was an exclusion criteria.",depression,,,42,"vitamin B9, fluoxetine","5 mg, 20 mg",daily,"5 mg, 20 mg",2,19,6,HAM-D,19,19.9,1.43,19,11.5,6.2,,34.6,0,none,"Compared to folic acid 1.5 mg/day, augmentation with 5 mg/day may be more beneficial in
female patients with depressive episodes taking fluoxetine 20 mg/day.",low,low,low,low,low,some concerns,some concerns,low,,,,,,,,,,0,0,,,
Venkatasubramanian/2013/India,A randomized double-blind comparison of fluoxetine augmentation by high and low dosage folic acid in patients with depressive episodes,Randomized Controlled Trial,yes,depression,"16-45, women with depression, outpatient",,,,,,"1. Aged between 16 and 45 years
2. Provision of written informed consent
3. Scores of at least 18 on Hamilton depression rating scale
4. Absence of symptoms necessitating alternate treatment like
suicidal ideation (score of at least three on item no 3 of HDRS),
stupor
5. Haemoglobin level of 410 g%, mean corpuscular volume not
exceeding 100 fl, normal peripheral smear
6. Drug free state for 8 weeks. For the purpose of this study, a
patient who had received antidepressants, benzodiazepines or
neuroleptics (non-depot) for four days or more during the past
8 weeks was considered as drug free
7. No contraindication to fluoxetine therapy: e.g., history of acute
gastritis, duodenal ulcer, severe reflux oesophagitis or intolerance/
allergy to fluoxetine in previous episodes of depression or history
of non-response to fluoxetine in previous depressive episodes
8. Absence of any psychiatric comorbidity as assessed by detailed
clinical interview
9. Absence of any physical comorbidity as assessed by history/
physical examination.Bipolar depression was an exclusion criteria.",depression,,,42,"vitamin B9, fluoxetine","1.5 mg, 20 mg",daily,"1.5 mg, 20 mg",2,23,6,HAM-D,23,21,2.31,23,15.9,6.4,,31.7,0,none,"Compared to folic acid 1.5 mg/day, augmentation with 5 mg/day may be more beneficial in
female patients with depressive episodes taking fluoxetine 20 mg/day.",low,low,low,low,low,some concerns,some concerns,low,,,,,,,,,,0,0,,,
Venkatasubramanian/2013/India,A randomized double-blind comparison of fluoxetine augmentation by high and low dosage folic acid in patients with depressive episodes,Randomized Controlled Trial,yes,depression,"16-45, women with depression, outpatient",,,,,,"1. Aged between 16 and 45 years
2. Provision of written informed consent
3. Scores of at least 18 on Hamilton depression rating scale
4. Absence of symptoms necessitating alternate treatment like
suicidal ideation (score of at least three on item no 3 of HDRS),
stupor
5. Haemoglobin level of 410 g%, mean corpuscular volume not
exceeding 100 fl, normal peripheral smear
6. Drug free state for 8 weeks. For the purpose of this study, a
patient who had received antidepressants, benzodiazepines or
neuroleptics (non-depot) for four days or more during the past
8 weeks was considered as drug free
7. No contraindication to fluoxetine therapy: e.g., history of acute
gastritis, duodenal ulcer, severe reflux oesophagitis or intolerance/
allergy to fluoxetine in previous episodes of depression or history
of non-response to fluoxetine in previous depressive episodes
8. Absence of any psychiatric comorbidity as assessed by detailed
clinical interview
9. Absence of any physical comorbidity as assessed by history/
physical examination.Bipolar depression was an exclusion criteria.",depression,,,42,"vitamin B9, fluoxetine","5 mg, 20 mg",daily,"5 mg, 20 mg",2,19,6,Beck Depression Inventory,19,23.1,2.7,19,13.5,6.71,,34.6,0,none,"Compared to folic acid 1.5 mg/day, augmentation with 5 mg/day may be more beneficial in
female patients with depressive episodes taking fluoxetine 20 mg/day.",low,low,low,low,low,some concerns,some concerns,low,,,,,,,,,,0,0,,,
Venkatasubramanian/2013/India,A randomized double-blind comparison of fluoxetine augmentation by high and low dosage folic acid in patients with depressive episodes,Randomized Controlled Trial,yes,depression,"16-45, women with depression, outpatient",,,,,,"1. Aged between 16 and 45 years
2. Provision of written informed consent
3. Scores of at least 18 on Hamilton depression rating scale
4. Absence of symptoms necessitating alternate treatment like
suicidal ideation (score of at least three on item no 3 of HDRS),
stupor
5. Haemoglobin level of 410 g%, mean corpuscular volume not
exceeding 100 fl, normal peripheral smear
6. Drug free state for 8 weeks. For the purpose of this study, a
patient who had received antidepressants, benzodiazepines or
neuroleptics (non-depot) for four days or more during the past
8 weeks was considered as drug free
7. No contraindication to fluoxetine therapy: e.g., history of acute
gastritis, duodenal ulcer, severe reflux oesophagitis or intolerance/
allergy to fluoxetine in previous episodes of depression or history
of non-response to fluoxetine in previous depressive episodes
8. Absence of any psychiatric comorbidity as assessed by detailed
clinical interview
9. Absence of any physical comorbidity as assessed by history/
physical examination.Bipolar depression was an exclusion criteria.",depression,,,42,"vitamin B9, fluoxetine","1.5 mg, 20 mg",daily,"1.5 mg, 20 mg",2,23,6,Beck Depression Inventory,23,25.1,5.2,23,19,8.95,,31.7,0,none,"Compared to folic acid 1.5 mg/day, augmentation with 5 mg/day may be more beneficial in
female patients with depressive episodes taking fluoxetine 20 mg/day.",low,low,low,low,low,some concerns,some concerns,low,,,,,,,,,,0,0,,,
Vaziri/2016/Iran,A randomized controlled trial of vitamin D supplementation on perinatal depression: in Iranian pregnant mothers,Randomized Controlled Trial,no,depression,"18-46, pregnant depressed women, outpatient",,25(OH)D: 12.84 ng/mL,25(OH)D: 7.91 ng/mL,25(OH)D: 17.46 ng/mL,25(OH)D: 10.09 ng/mL,"Being 18 years or older,
healthy women means; any one with no history of mental
illness and internal diseases such as hyper/hypothyroidism,
parathyroid, renal, diabetes and heart diseases, no addiction
to any kind of narcotic drugs, living with a husband, a
singleton live fetus, without any pregnancy complications
such as preeclampsia, gestational diabetes, ruptured mem-
branes and suspicion of preterm birth, no previous cesarean
sections, gestational age of 26–28 weeks based on ultra-
sound results, and the EPDS baseline scores of 0 to 13. Exclusion: the participants with the EPDS baseline scores of >13, not providing blood sample at the onset of the study, and less than 8 weeks consumption of vitamin D3 supplementations (for example due to pre-term labor or stopping consumption), irregular consumption (for example every two/three days instead of daily consumption).",none,,pregnant women,169,vitamin D,2000 IU,daily,2000 IU,2,78,8,EPDS,75,8.44,3.89,64,4.19,3.76,,26.4,0,"The present trial showed that consuming 2000 IU vitamin D3 daily during late pregnancy was
effective in decreasing perinatal depression levels. We suggest further clinical trial in pregnant mothers who
are at risk for postnatal depression.",1 cause of nausea,low,some concerns,high,low,some concerns,some concerns,low,high,,,,,,,,,,0.015625,1,,,
Vaziri/2016/Iran,A randomized controlled trial of vitamin D supplementation on perinatal depression: in Iranian pregnant mothers,Randomized Controlled Trial,no,depression,"18-46, pregnant depressed women, outpatient",,25(OH)D: 11.89 ng/mL,25(OH)D: 6.40 ng/mL,25(OH)D: 12.07 ng/mL,25(OH)D: 5.98 ng/mL,"Being 18 years or older,
healthy women means; any one with no history of mental
illness and internal diseases such as hyper/hypothyroidism,
parathyroid, renal, diabetes and heart diseases, no addiction
to any kind of narcotic drugs, living with a husband, a
singleton live fetus, without any pregnancy complications
such as preeclampsia, gestational diabetes, ruptured mem-
branes and suspicion of preterm birth, no previous cesarean
sections, gestational age of 26–28 weeks based on ultra-
sound results, and the EPDS baseline scores of 0 to 13. Exclusion: the participants with the EPDS baseline scores of >13, not providing blood sample at the onset of the study, and less than 8 weeks consumption of vitamin D3 supplementations (for example due to pre-term labor or stopping consumption), irregular consumption (for example every two/three days instead of daily consumption).",none,,pregnant women,169,placebo,,daily,,2,75,8,EPDS,78,8.64,3.81,72,7.18,3.99,,26.22,0,"The present trial showed that consuming 2000 IU vitamin D3 daily during late pregnancy was
effective in decreasing perinatal depression levels. We suggest further clinical trial in pregnant mothers who
are at risk for postnatal depression.",none,low,some concerns,high,low,some concerns,some concerns,low,high,,,,,,,,,,0,0,,,
Afzali/2021/Iran,A Randomized Clinical Trial of the Effect of Zinc Supplement on Depression and Anxiety in the Elderly,Randomized Controlled Trial,yes,depression,"60 or older, depression or anxiety",,zinc: 66.8 ug/dL,zinc: 16.3 ug/dL,,,"Being 60 years or older, the ability to speak Persian and answer questions, Iranian citizenship, not taking zinc supplements, lack of renal and intestinal diseases as diagnosed by a physician, and lack of cognitive impairment (in the illiterate group it was determined based on the Abbreviated Mental Test Score (AMTS) score of 7 or higher [26], and in the literate group, which was determined based on the Mini-Mental State Examination (MMSE) score of 25 or higher [27], which
indicates the non-existence of cognitive impairment. Refusal to continue the use of zinc supplements, taking zinc supplements by the subjects in the control group during the 70 days of intervention, known cases of depression and anxiety who had been diagnosed by a physician before the start
of the study, the occurrence of any severe stress such as
hospitalization or death of a close relative in the two groups
during the research.","depression, anxiety",zinc,elderly,150,zinc,30 mg,daily,30 mg,2,75,10,GDS-15,70,,6.676581,70,,,,66.5,38.6,Zinc supplementation significant improves depression and anxiety scores in the elderly compared to placebo. ,not reported,low,low,high,low,low,some concerns,low,high,,OLS,-2.436,6.676581,0.35,4,,,,,,,,
Afzali/2021/Iran,A Randomized Clinical Trial of the Effect of Zinc Supplement on Depression and Anxiety in the Elderly,Randomized Controlled Trial,yes,depression,"61 or older, depression or anxiety",,zinc: 68.3 ug/dL,zinc: 10.3 ug/dL,,,"Being 60 years or older, the ability to speak Persian and answer questions, Iranian citizenship, not taking zinc supplements, lack of renal and intestinal diseases as diagnosed by a physician, and lack of cognitive impairment (in the illiterate group it was determined based on the Abbreviated Mental Test Score (AMTS) score of 7 or higher [26], and in the literate group, which was determined based on the Mini-Mental State Examination (MMSE) score of 25 or higher [27], which
indicates the non-existence of cognitive impairment. Refusal to continue the use of zinc supplements, taking zinc supplements by the subjects in the control group during the 70 days of intervention, known cases of depression and anxiety who had been diagnosed by a physician before the start
of the study, the occurrence of any severe stress such as
hospitalization or death of a close relative in the two groups
during the research.","depression, anxiety",zinc,elderly,150,placebo,,,,2,75,10,GDS-15,70,,6.676581,70,,,,66.1,24.3,Zinc supplementation significant improves depression and anxiety scores in the elderly compared to placebo. ,not reported,low,low,high,low,low,some concerns,low,high,,,-2.436,6.676581,0.35,4,,,,,,,,
Afzali/2021/Iran,A Randomized Clinical Trial of the Effect of Zinc Supplement on Depression and Anxiety in the Elderly,Randomized Controlled Trial,yes,anxiety,"62 or older, depression or anxiety",,zinc: 66.8 ug/dL,zinc: 16.3 ug/dL,,,"Being 60 years or older, the ability to speak Persian and answer questions, Iranian citizenship, not taking zinc supplements, lack of renal and intestinal diseases as diagnosed by a physician, and lack of cognitive impairment (in the illiterate group it was determined based on the Abbreviated Mental Test Score (AMTS) score of 7 or higher [26], and in the literate group, which was determined based on the Mini-Mental State Examination (MMSE) score of 25 or higher [27], which
indicates the non-existence of cognitive impairment. Refusal to continue the use of zinc supplements, taking zinc supplements by the subjects in the control group during the 70 days of intervention, known cases of depression and anxiety who had been diagnosed by a physician before the start
of the study, the occurrence of any severe stress such as
hospitalization or death of a close relative in the two groups
during the research.","depression, anxiety",zinc,elderly,150,zinc,30 mg,daily,30 mg,2,75,10,BAI,70,,17.68982,70,,,,66.5,38.6,Zinc supplementation significant improves depression and anxiety scores in the elderly compared to placebo. ,not reported,low,low,high,low,low,some concerns,low,high,,OLS,-5.378,17.68982,0.779,4,,,,,,,,
Afzali/2021/Iran,A Randomized Clinical Trial of the Effect of Zinc Supplement on Depression and Anxiety in the Elderly,Randomized Controlled Trial,yes,anxiety,"63 or older, depression or anxiety",,zinc: 68.3 ug/dL,zinc: 10.3 ug/dL,,,"Being 60 years or older, the ability to speak Persian and answer questions, Iranian citizenship, not taking zinc supplements, lack of renal and intestinal diseases as diagnosed by a physician, and lack of cognitive impairment (in the illiterate group it was determined based on the Abbreviated Mental Test Score (AMTS) score of 7 or higher [26], and in the literate group, which was determined based on the Mini-Mental State Examination (MMSE) score of 25 or higher [27], which
indicates the non-existence of cognitive impairment. Refusal to continue the use of zinc supplements, taking zinc supplements by the subjects in the control group during the 70 days of intervention, known cases of depression and anxiety who had been diagnosed by a physician before the start
of the study, the occurrence of any severe stress such as
hospitalization or death of a close relative in the two groups
during the research.","depression, anxiety",zinc,elderly,150,placebo,,,,2,75,10,BAI,70,,17.68982,70,,,,66.1,24.3,Zinc supplementation significant improves depression and anxiety scores in the elderly compared to placebo. ,not reported,low,low,high,low,low,some concerns,low,high,,,-5.378,17.68982,0.779,4,,,,,,,,
Shor-Posner/2003/USA,Psychological burden in the era of HAART: impact of selenium therapy,Randomized Controlled Trial,yes,depression,"24-53, HIV-1 infected drug users, depression, anxiety, outpatient",,selenium: 123 ug/L,selenium: 25 ug/L,selenium: 123.5 ug/L,selenium: 23 ug/L,"Participant of the ""Neuroprotection Study Group"" cohort. HIV+ drug users. Participants needed to be fluent in English and absence of severe neuropsychological impairment was required to complete the cognitive battery.
Severe neuropsychological impairment",depression,,HIV,115,selenium,200 ug,daily,200 ug,2,28,52,Beck Depression Inventory,28,13.4,12,28,12.2,10,,39.7,39," selenium therapy may be a
beneficial treatment to decrease anxiety in HIV+ drug users who exhibit a
high prevalence of psychological burden.",not reported,some concerns,some concerns,low,low,high,some concerns,some concerns,high,,,,,,,,,,,,,,
Shor-Posner/2003/USA,Psychological burden in the era of HAART: impact of selenium therapy,Randomized Controlled Trial,yes,depression,"24-53, HIV-1 infected drug users, depression, anxiety, outpatient",,selenium: 119 ug/L,selenium: 20 ug/L,selenium: 108.7 ug/L,selenium: 15 ug/L,"Participant of the ""Neuroprotection Study Group"" cohort. HIV+ drug users. Participants needed to be fluent in English and absence of severe neuropsychological impairment was required to complete the cognitive battery.
Severe neuropsychological impairment",depression,,HIV,115,placebo,,daily,,2,35,52,Beck Depression Inventory,35,14,9,35,15.8,11,,40.4,60," selenium therapy may be a
beneficial treatment to decrease anxiety in HIV+ drug users who exhibit a
high prevalence of psychological burden.",not reported,some concerns,some concerns,low,low,high,some concerns,some concerns,high,,,,,,,,,,,,,,
Shor-Posner/2003/USA,Psychological burden in the era of HAART: impact of selenium therapy,Randomized Controlled Trial,yes,anxiety,"24-53, HIV-1 infected drug users, depression, anxiety, outpatient",,selenium: 123 ug/L,selenium: 25 ug/L,selenium: 123.5 ug/L,selenium: 23 ug/L,"Participant of the ""Neuroprotection Study Group"" cohort. HIV+ drug users. Participants needed to be fluent in English and absence of severe neuropsychological impairment was required to complete the cognitive battery.
Severe neuropsychological impairment",depression,,HIV,115,selenium,200 ug,daily,200 ug,2,28,52,STAI-S,28,40.1,11,28,38.3,11,,39.7,39," selenium therapy may be a
beneficial treatment to decrease anxiety in HIV+ drug users who exhibit a
high prevalence of psychological burden.",not reported,some concerns,some concerns,low,low,high,some concerns,some concerns,high,,,,,,,,,,,,,,
Shor-Posner/2003/USA,Psychological burden in the era of HAART: impact of selenium therapy,Randomized Controlled Trial,yes,anxiety,"24-53, HIV-1 infected drug users, depression, anxiety, outpatient",,selenium: 119 ug/L,selenium: 20 ug/L,selenium: 108.7 ug/L,selenium: 15 ug/L,"Participant of the ""Neuroprotection Study Group"" cohort. HIV+ drug users. Participants needed to be fluent in English and absence of severe neuropsychological impairment was required to complete the cognitive battery.
Severe neuropsychological impairment",depression,,HIV,115,placebo,,daily,,2,35,52,STAI-S,35,40.7,9,35,43.2,10,,40.4,60," selenium therapy may be a
beneficial treatment to decrease anxiety in HIV+ drug users who exhibit a
high prevalence of psychological burden.",not reported,some concerns,some concerns,low,low,high,some concerns,some concerns,high,,,,,,,,,,,,,,
Zhao/2024/China,The protective effect of vitamin D supplementation as adjunctive therapy to antidepressants on brain structural and functional connectivity of patients with major depressive disorder: a randomized controlled trial,Randomized Controlled Trial,yes,depression,"subjects with confirmed depression or healthy controls, outpatient",,25(OH)D: 39.09 nmol/L,25(OH)D: 11.44 nmol/L,,,"Right-handed subjects. Diagnosis of depression confirmed by two well-trained clinical psychiatrists using the MINI-International Neuropsychiatric Interview (M.I.N.I.) following the International Classification of Diseases (ICD-10) criteria (for MDD patients). HC were carefully screened to confirm absence of any psychiatric illness using the M.I.N.I.
The exclusion criteria for all participants included: (1) the presence of other psychiatric disorders such as substance-induced (e.g. drug and alcohol) mood disorder, bipolar disorders, anxiety disorders, schizophrenia, substance abuse, or addiction; (2) a history of significant physical or neurological disease; (3) a history of head injury with loss of consciousness; and (4) contraindications for MRI such as pregnancy. Additional exclusion criterion for HC was a family history of major neurological or psychiatric illnesses among their first-degree relatives",depression,,,46,"vitamin D, SSRI","1600 IU, various",daily,"1600 IU, various",2,36,30.33333333,HAM-D,20,28.95,11.5,19,5.58,4.27,,46.75,25,no effect of vitamin D on depression/anxiety,none,some concerns,some concerns,some concerns,low,high,low,high,high,reanalysis,OLS,-0.1587751,1.460458,4.279883,8,gain scores,-23.1,9.86,0,0,,,
Zhao/2024/China,The protective effect of vitamin D supplementation as adjunctive therapy to antidepressants on brain structural and functional connectivity of patients with major depressive disorder: a randomized controlled trial,Randomized Controlled Trial,yes,depression,"subjects with confirmed depression or healthy controls, outpatient",,25(OH)D: 42.91 nmol/L,25(OH)D: 19l28 nmol/L,,,"Right-handed subjects. Diagnosis of depression confirmed by two well-trained clinical psychiatrists using the MINI-International Neuropsychiatric Interview (M.I.N.I.) following the International Classification of Diseases (ICD-10) criteria (for MDD patients). HC were carefully screened to confirm absence of any psychiatric illness using the M.I.N.I.
The exclusion criteria for all participants included: (1) the presence of other psychiatric disorders such as substance-induced (e.g. drug and alcohol) mood disorder, bipolar disorders, anxiety disorders, schizophrenia, substance abuse, or addiction; (2) a history of significant physical or neurological disease; (3) a history of head injury with loss of consciousness; and (4) contraindications for MRI such as pregnancy. Additional exclusion criterion for HC was a family history of major neurological or psychiatric illnesses among their first-degree relatives",depression,,,46,SSRI,various,daily,various,2,36,30.33333333,HAM-D,26,32.77,8.48,25,6.35,4.3,,42.42,34.61538462,no effect of vitamin D on depression/anxiety,none,some concerns,some concerns,some concerns,low,high,low,high,high,reanalysis,,0,1.460458,4.279883,8,gain scores,-26.4,11,0,0,,,
Zhao/2024/China,The protective effect of vitamin D supplementation as adjunctive therapy to antidepressants on brain structural and functional connectivity of patients with major depressive disorder: a randomized controlled trial,Randomized Controlled Trial,yes,anxiety,"subjects with confirmed depression or healthy controls, outpatient",,25(OH)D: 39.09 nmol/L,25(OH)D: 11.44 nmol/L,,,"Right-handed subjects. Diagnosis of depression confirmed by two well-trained clinical psychiatrists using the MINI-International Neuropsychiatric Interview (M.I.N.I.) following the International Classification of Diseases (ICD-10) criteria (for MDD patients). HC were carefully screened to confirm absence of any psychiatric illness using the M.I.N.I.
The exclusion criteria for all participants included: (1) the presence of other psychiatric disorders such as substance-induced (e.g. drug and alcohol) mood disorder, bipolar disorders, anxiety disorders, schizophrenia, substance abuse, or addiction; (2) a history of significant physical or neurological disease; (3) a history of head injury with loss of consciousness; and (4) contraindications for MRI such as pregnancy. Additional exclusion criterion for HC was a family history of major neurological or psychiatric illnesses among their first-degree relatives",depression,,,46,"vitamin D, SSRI","1600 IU, various",daily,"1600 IU, various",2,36,30.33333333,HAM-A,20,21.15,7.77,19,4.21,2.51,,46.75,25,no effect of vitamin D on depression/anxiety,none,some concerns,some concerns,some concerns,low,high,low,high,high,reanalysis,OLS,0.8346597,0.8365996,2.552504,8,gain scores,-16.6,7.73,0,0,,,
Zhao/2024/China,The protective effect of vitamin D supplementation as adjunctive therapy to antidepressants on brain structural and functional connectivity of patients with major depressive disorder: a randomized controlled trial,Randomized Controlled Trial,yes,anxiety,"subjects with confirmed depression or healthy controls, outpatient",,25(OH)D: 42.91 nmol/L,25(OH)D: 19l28 nmol/L,,,"Right-handed subjects. Diagnosis of depression confirmed by two well-trained clinical psychiatrists using the MINI-International Neuropsychiatric Interview (M.I.N.I.) following the International Classification of Diseases (ICD-10) criteria (for MDD patients). HC were carefully screened to confirm absence of any psychiatric illness using the M.I.N.I.
The exclusion criteria for all participants included: (1) the presence of other psychiatric disorders such as substance-induced (e.g. drug and alcohol) mood disorder, bipolar disorders, anxiety disorders, schizophrenia, substance abuse, or addiction; (2) a history of significant physical or neurological disease; (3) a history of head injury with loss of consciousness; and (4) contraindications for MRI such as pregnancy. Additional exclusion criterion for HC was a family history of major neurological or psychiatric illnesses among their first-degree relatives",depression,,,46,SSRI,various,daily,various,2,36,30.33333333,HAM-A,26,21.23,7.24,25,3.85,2.57,,42.42,34.61538462,no effect of vitamin D on depression/anxiety,none,some concerns,some concerns,some concerns,low,high,low,high,high,reanalysis,,0,0.2925,2.552504,8,gain scores,-17.4,7.46,0,0,,,
Calissendorff/2015/Sweden,"A Prospective Investigation of Graves' Disease and Selenium: Thyroid Hormones, Auto-Antibodies and Self-Rated Symptoms",Randomized Controlled Trial,yes,depression,"18-55, newly diganosed graves, outpatient",,selenoprotein P: 55.5 ng/mL,selenoprotein P: 23.83913048 ng/mL,selenoprotein P: 108.750 ng/mL,selenoprotein P: 37.38409097 ng/mL,"aged 18-55 with newly diagnosed and untreated Grave's disease. Exclusion: medication such as sedatives, planned 
or ongoing pregnancy, reduced intellectual capacity or dementia 
as observed at inclusion, severe ophthalmopathy requiring corti-
costeroids at inclusion, other systemic or severe disease or difficul-
ties with the Swedish language. Also, patients with previous treat-
ment with anti-thyroid drugs were excluded.",none,,graves,44,"selenium, levothyroxine, methimazole","200 ug, 100 ug, 15 mg","daily, daily, BID","200 ug, 100 ug, 30 mg",2,19,39,HADS-D,19,6.5,,19,4.667,9.61,,34.5,21.05263158,no changes in depression or anxiety found,none,low,some concerns,low,low,low,low,low,low,,unusable,,,,,,,,0,0,,,
Calissendorff/2015/Sweden,"A Prospective Investigation of Graves' Disease and Selenium: Thyroid Hormones, Auto-Antibodies and Self-Rated Symptoms",Randomized Controlled Trial,yes,depression,"18-55, newly diganosed graves, outpatient",,selenoprotein P: 51.5 ng/mL,selenoprotein P: 21.13013838 ng/mL,selenoprotein P: 55.25 ng/mL,selenoprotein P: 20.04654 ng/mL,"aged 18-55 with newly diagnosed and untreated Grave's disease. Exclusion: medication such as sedatives, planned 
or ongoing pregnancy, reduced intellectual capacity or dementia 
as observed at inclusion, severe ophthalmopathy requiring corti-
costeroids at inclusion, other systemic or severe disease or difficul-
ties with the Swedish language. Also, patients with previous treat-
ment with anti-thyroid drugs were excluded.",none,,graves,44,"levothyroxine, methimazole","100 ug, 15 mg"," daily, BID","100 ug, 30 mg",2,19,39,HADS-D,19,,,19,,,,41.5,15.78,no changes in depression or anxiety found,none,low,some concerns,low,low,low,low,low,low,,unusable,,,,,,,,0,0,,,
Calissendorff/2015/Sweden,"A Prospective Investigation of Graves' Disease and Selenium: Thyroid Hormones, Auto-Antibodies and Self-Rated Symptoms",Randomized Controlled Trial,yes,anxiety,"18-55, newly diganosed graves, outpatient",,selenoprotein P: 55.5 ng/mL,selenoprotein P: 23.83913048 ng/mL,selenoprotein P: 108.750 ng/mL,selenoprotein P: 37.38409097 ng/mL,"aged 18-55 with newly diagnosed and untreated Grave's disease. Exclusion: medication such as sedatives, planned 
or ongoing pregnancy, reduced intellectual capacity or dementia 
as observed at inclusion, severe ophthalmopathy requiring corti-
costeroids at inclusion, other systemic or severe disease or difficul-
ties with the Swedish language. Also, patients with previous treat-
ment with anti-thyroid drugs were excluded.",none,,graves,44,selenium,200 ug,daily,200 ug,2,19,39,HADS-A,19,9.167,,19,7.667,13.61647639,,34.5,21.05263158,no changes in depression or anxiety found,none,low,some concerns,low,low,low,low,low,low,,unusable,,,,,,,,0,0,,,
Calissendorff/2015/Sweden,"A Prospective Investigation of Graves' Disease and Selenium: Thyroid Hormones, Auto-Antibodies and Self-Rated Symptoms",Randomized Controlled Trial,yes,anxiety,"18-55, newly diganosed graves, outpatient",,selenoprotein P: 51.5 ng/mL,selenoprotein P: 21.13013838 ng/mL,selenoprotein P: 55.25 ng/mL,selenoprotein P: 20.04654 ng/mL,"aged 18-55 with newly diagnosed and untreated Grave's disease. Exclusion: medication such as sedatives, planned 
or ongoing pregnancy, reduced intellectual capacity or dementia 
as observed at inclusion, severe ophthalmopathy requiring corti-
costeroids at inclusion, other systemic or severe disease or difficul-
ties with the Swedish language. Also, patients with previous treat-
ment with anti-thyroid drugs were excluded.",none,,graves,44,placebo,,daily,,2,19,39,HADS-A,19,,,19,,,,41.5,15.78,no changes in depression or anxiety found,none,low,some concerns,low,low,low,low,low,low,,unusable,,,,,,,,0,0,,,
Loria-Kohen/2013/Spain,"A pilot study of folic acid supplementation for improving homocysteine levels, cognitive and depressive status in eating disorders",Randomized Controlled Trial,yes,depression,"16-44, with eating disorders, outpatient",,"homocysteine: 9.4 umol/L, RBC vitamin B9:  643.7 ng/mL, vitamin B9: 9.4 ng/mL","homocysteine: 2.4 umol/L, RBC vitamin B9:  300 ng/mL, vitamin B9: 3.6 ng/mL","homocysteine: 7.5 umol/L, RBC vitamin B9:  1521.3 ng/mL, vitamin B9: 19.6 ng/mL","homocysteine: 1.7 umol/L, RBC vitamin B9:  167 ng/mL, vitamin B9: 1.3 ng/mL","""Patients diagnosed with eating disorders (RAN: Restrictive
Anorexia Nervosa and EDNOS: Eating Disorder Not
Otherwise Specified) and measured for low
folate intake, based on the recommended daily intake
in terms of age.""
Hypersensitivity to folic acid or anemia due to lack of B12, patients who routinely used drugs that interfere with folic acid absorption (analgesics, anticonvulsants, hydantoin, carbamazepine, antacids, antibiotics, cholestyramine, methotrexate, pyrimethamine, triamterene, trimethoprim and sulphonamides) and patients taking vitamin and mineral supplements.",depression,,eating disorder,24,vitamin B9,10 mg,daily,10 mg,2,14,26,Beck Depression Inventory,14,22.9,8.1,12,15.2,9.9,,22.3,4.2,no significant improvement in depression scores,none,some concerns,some concerns,some concerns,low,low,some concerns,low,some concerns,,,,,,,,,,0,0,,,
Loria-Kohen/2013/Spain,"A pilot study of folic acid supplementation for improving homocysteine levels, cognitive and depressive status in eating disorders",Randomized Controlled Trial,yes,depression,"16-44, with eating disorders, outpatient",,"homocysteine: 10 umol/L, RBC vitamin B9:  854.6 ng/mL, vitamin B9: 10.2 ng/mL","homocysteine: 2.05 umol/L, RBC vitamin B9:  285.4 ng/mL, vitamin B9: 3.8 ng/mL","homocysteine: 8 umol/L, RBC vitamin B9:  955.9 ng/mL, vitamin B9: 10.9 ng/mL","homocysteine: 1.8 umol/L, RBC vitamin B9:  347 ng/mL, vitamin B9: 3.8 ng/mL","""Patients diagnosed with eating disorders (RAN: Restrictive
Anorexia Nervosa and EDNOS: Eating Disorder Not
Otherwise Specified) and measured for low
folate intake, based on the recommended daily intake
in terms of age.""
Hypersensitivity to folic acid or anemia due to lack of B12, patients who routinely used drugs that interfere with folic acid absorption (analgesics, anticonvulsants, hydantoin, carbamazepine, antacids, antibiotics, cholestyramine, methotrexate, pyrimethamine, triamterene, trimethoprim and sulphonamides) and patients taking vitamin and mineral supplements.",depression,,eating disorder,24,placebo,,daily,,2,10,26,Beck Depression Inventory,10,17.3,12.1,10,13.4,11.8,,26.7,4.2,no significant improvement in depression scores,none,some concerns,some concerns,some concerns,low,low,some concerns,low,some concerns,,,,,,,,,,0,0,,,
Jorde/2018/Norway,No improvement in depressive symptoms by vitamin D supplementation: results from a randomised controlled trial,Randomized Controlled Trial,yes,depression,"40-80, vitamin Deficiency, outpatient",,25(OH)D: 32.5 nmol/L,25(OH)D: 11.1 nmol/L,25(OH)D: 88.8 nmol/L,25(OH)D: 19.5 nmol/L,"all citizens aged 40 years and above  in the municipality
of Tromsø in northern Norway at 69° north  with serum values 25(OH)D <42 nmol/l and with age <80. Exlusion:
known granulomatous disease, diabetes, renal stones in the
last 5 years, serious diseases making the subject unfit for par-
ticipation, use of vitamin D supplements >800 IU (20 µg) vita-
min D per d, use of solarium on a regular basis, and planned
holiday(s) in tropical areas during the study period. Women of
childbearing potential without use of acceptable contraception",none,vitamin D,,408,vitamin D,20000 IU,weekly,2857.1428571429 IU,2,206,17.33333333,BDI-II,206,8.25,9.10917958,206,7.75,9.83791395,,51.4,52.9,No significant change in BDI-II scores with vitamin D supplementation for 4 months in patient with vitamin D insufficiency. Some evidence that more benefit for people with depression,no serious side effects. two developed hypercalcemia and one develop primary hyperparathyroidism. not listed as which group,some concerns,some concerns,low,low,some concerns,low,low,some concerns,,gain scores,-1.5,4.3,,,,,,,,<=,3,3
Jorde/2018/Norway,No improvement in depressive symptoms by vitamin D supplementation: results from a randomised controlled trial,Randomized Controlled Trial,yes,depression,"40-80, vitamin Deficiency, outpatient",,25(OH)D: 35.1 nmol/L,25(OH)D: 13.6 nmol/L,25(OH)D: 30.7 nmol/L,25(OH)D: 9.7 nmol/L,"all citizens aged 40 years and above  in the municipality
of Tromsø in northern Norway at 69° north  with serum values 25(OH)D <42 nmol/l and with age <80. Exlusion:
known granulomatous disease, diabetes, renal stones in the
last 5 years, serious diseases making the subject unfit for par-
ticipation, use of vitamin D supplements >800 IU (20 µg) vita-
min D per d, use of solarium on a regular basis, and planned
holiday(s) in tropical areas during the study period. Women of
childbearing potential without use of acceptable contraception",none,vitamin D,,408,placebo,,weekly,,2,202,17.33333333,BDI-II,202,7.75,8.40013909,202,9,11.68715,,52.5,53.5,No significant change in BDI-II scores with vitamin D supplementation for 4 months in patient with vitamin D insufficiency. Some evidence that more benefit for people with depression,no serious side effects. two developed hypercalcemia and one develop primary hyperparathyroidism. not listed as which group,some concerns,some concerns,low,low,some concerns,low,low,some concerns,,gain scores,-1.9,4.1,,,,,,,,<=,3,3
Hvas/2004/Denmark,No effect of vitamin B-12 treatment on cognitive function and depression: a randomized placebo controlled study,Randomized Controlled Trial,yes,depression,"19-92, elevated P-MMA, outpatient",,"methylmalonate: 0.54 umol/l, homocysteine: 13.52 umol/l, vitamin B12: 278 pmol/l, RBC vitamin B9: 543 nmol/:",,,,"The inclusion criteria were individuals with elevated P-MMA (0.40–2.00 µmol/L) who had not previously received vitamin B-12 treatment.
Exclusion: P-MMA >2.00 umol (n=5); blood hemoglobin <=6.0 mmol/L and erythrocyte mean cell volume >=110 fL (n= 0); blood hemoglobin <=6.0 mmol/L and plasma ferritin <=10 ug/L (males) or <=8
ug/L (females; n=0); plasma thyroid-stimulating hormone >=4.1 mIU/L (n = 6); plasma creatinine >120
umol/L (females) or >133 mmol/L (males; n=41);
incapacity to give informed consent (n = 6); life-threatening
disease (n =1); hypersensitivity to cyanocobalamin
(n = 0); treatment with anticoagulants (n = 4); Leber
hereditary optic neuropathy (n = 0); tobacco-alcohol
amblyopia (n = 0); tropical atoxic neuropathy (n = 0);
deafness or severe visual impairment (n = 8); non-Danish
speaking (n = 11); severe aphasia (n = 2); and current
participation in another clinical trial (n = 1).",none,,elevated P-MMA,140,vitamin B12,1 mg,every 4 weeks,0.03571428571 mg,2,70,13,MDI,70,9,,70,7.2,,,75,42,"we found no improvement in
cognitive function or depression after intervention
comparing the treatment and placebo groups",not reported,some concerns,some concerns,low,low,low,low,low,some concerns,,gain scores,-1.8,5.9,,,,,,,,,,
Hvas/2004/Denmark,No effect of vitamin B-12 treatment on cognitive function and depression: a randomized placebo controlled study,Randomized Controlled Trial,yes,depression,"19-92, elevated P-MMA, outpatient",,"methylmalonate: 0.48 umol/l, homocysteine: 12.8 umol/l, vitamin B12: 254 pmol/l, RBC vitamin B9: 633 nmol/L",,,,"The inclusion criteria were individuals with elevated P-MMA (0.40–2.00 µmol/L) who had not previously received vitamin B-12 treatment.
Exclusion: P-MMA >2.00 umol (n=5); blood hemoglobin <=6.0 mmol/L and erythrocyte mean cell volume >=110 fL (n= 0); blood hemoglobin <=6.0 mmol/L and plasma ferritin <=10 ug/L (males) or <=8
ug/L (females; n=0); plasma thyroid-stimulating hormone >=4.1 mIU/L (n = 6); plasma creatinine >120
umol/L (females) or >133 mmol/L (males; n=41);
incapacity to give informed consent (n = 6); life-threatening
disease (n =1); hypersensitivity to cyanocobalamin
(n = 0); treatment with anticoagulants (n = 4); Leber
hereditary optic neuropathy (n = 0); tobacco-alcohol
amblyopia (n = 0); tropical atoxic neuropathy (n = 0);
deafness or severe visual impairment (n = 8); non-Danish
speaking (n = 11); severe aphasia (n = 2); and current
participation in another clinical trial (n = 1).",none,,elevated P-MMA,140,placebo,,every 4 weeks,,2,70,13,MDI,70,7.5,,70,7.3,,,74,31.4,"we found no improvement in
cognitive function or depression after intervention
comparing the treatment and placebo groups",not reported,some concerns,some concerns,low,low,low,low,low,some concerns,,gain scores,-0.2,6.8,,,,,,,,,,
deVargas/2023/Brazil,Effects of Zinc Supplementation on Inflammatory and Cognitive Parameters in Middle-Aged Women with Overweight or Obesity,Randomized Control Trial,yes,depression,obese patients,,zinc: 49.5 ug/dL,zinc: 7.7 ug/dL,zinc: 96.55 ug/dL,zinc: 14.94612111 ug/dL,"overweight/obese women 40-60yo with no chronic diseases, alcohol dependence, HRT, or multinutrients",nοne,,obese,42,zinc,30 mg,daily,30 mg,2,21,12,Beck Depression Inventory,20,9.11,6.34,20,6.47721,4.99984609,,48.4,0,"There was no significant change in the adjusted means of the BDI-II and BECK scores between the zinc vs. placebo groups. Twelve weeks of Zn supplementation was able to partially improve the cognitive scores assessed in overweight or obese women, regardless of weight loss. These findings suggest that Zn supplementation can be considered an adjunct strategy to enhance cognitive health in overweight or obese women",none reported,high,low,low,low,high,low,high,high,,OLS,2.276,4.874219813,0.403377686,3,gain scores,-2.63279,6.17658,,,,,
deVargas/2023/Brazil,Effects of Zinc Supplementation on Inflammatory and Cognitive Parameters in Middle-Aged Women with Overweight or Obesity,Randomized Control Trial,yes,depression,obese patients,,zinc: 50.8 ug/dL,zinc: 9.8 ug/dL,zinc: 86.17 ug/dL,zinc: 17.98021575 ug/dL,"overweight/obese women 40-60yo with no chronic diseases, alcohol dependence, HRT, or multinutrients",none,,obese,42,placebo,,daily,,2,21,12,Beck Depression Inventory,12,12.55,7.09,12,11.15695,4.74526887,,51.1,0,"There was no significant change in the adjusted means of the BDI-II and BECK scores between the zinc vs. placebo groups. Twelve weeks of Zn supplementation was able to partially improve the cognitive scores assessed in overweight or obese women, regardless of weight loss. These findings suggest that Zn supplementation can be considered an adjunct strategy to enhance cognitive health in overweight or obese women",none reported,high,low,low,low,high,low,high,high,,,0,4.874219813,0.403377686,3,gain scores,-1.39305,8.5089,,,,,
deVargas/2023/Brazil,Effects of Zinc Supplementation on Inflammatory and Cognitive Parameters in Middle-Aged Women with Overweight or Obesity,Randomized Control Trial,yes,anxiety,obese patients,,zinc: 49.5 ug/dL,zinc: 7.7 ug/dL,zinc: 96.55 ug/dL,zinc: 14.94612111 ug/dL,"overweight/obese women 40-60yo with no chronic diseases, alcohol dependence, HRT, or multinutrients",nοne,,obese,42,zinc,30 mg,daily,30 mg,2,21,12,BAI,20,11.53,,20,10.2,9.18775136,,48.4,0,"There was no significant change in the adjusted means of the BDI-II and BECK scores between the zinc vs. placebo groups. Twelve weeks of Zn supplementation was able to partially improve the cognitive scores assessed in overweight or obese women, regardless of weight loss. These findings suggest that Zn supplementation can be considered an adjunct strategy to enhance cognitive health in overweight or obese women",none reported,high,low,low,low,high,low,high,high,,OLS,-2.34,8.933654936,1.1441258,3,,,,,,,,
deVargas/2023/Brazil,Effects of Zinc Supplementation on Inflammatory and Cognitive Parameters in Middle-Aged Women with Overweight or Obesity,Randomized Control Trial,yes,anxiety,obese patients,,zinc: 50.8 ug/dL,zinc: 9.8 ug/dL,zinc: 86.17 ug/dL,zinc: 17.98021575 ug/dL,"overweight/obese women 40-60yo with no chronic diseases, alcohol dependence, HRT, or multinutrients",none,,obese,42,placebo,,daily,,2,21,12,BAI,12,16.64,,12,12.59,8.67211658,,51.1,0,"There was no significant change in the adjusted means of the BDI-II and BECK scores between the zinc vs. placebo groups. Twelve weeks of Zn supplementation was able to partially improve the cognitive scores assessed in overweight or obese women, regardless of weight loss. These findings suggest that Zn supplementation can be considered an adjunct strategy to enhance cognitive health in overweight or obese women",none reported,high,low,low,low,high,low,high,high,,,0,8.933654936,1.1441258,3,,,,,,,,
Ranjbar/2013/Iran,Effects of zinc supplementation in patients with major depression: a randomized clinical trial,Randomized Control Trial,yes,depression,people with known MDD,,zinc: 100 ug/dL,zinc: 15 ug/dL,zinc: 107 ug/dL,zinc: 11 ug/dL,patients with MDD and no concomittant psychotic symptoms or symptoms requiring hospitalization,depression,,,44,"zinc, SSRI","25 mg, various",daily,"25 mg, various",2,22,12,Beck Depression Inventory,21,30.6,36.18647,21,15.7,18.9815218,13.01906,37,5,"Zinc group had significantly lower Beck depressions scores compared to placebo. However, they only include the mean for each data point and do not include the SD/SE/90% CI/etc so we are taking their word for this without the actual hard data. This strongly limits the ability to make objective conclusion or to extrapolate their data to our study with only the mean.",1 intolerance,some concerns,some concerns,low,low,high,some concerns,low,high,sd estimated from max sds that satisfy given p-values in paper,,,,,,,,,0.047619048,1,,,
Ranjbar/2013/Iran,Effects of zinc supplementation in patients with major depression: a randomized clinical trial,Randomized Control Trial,yes,depression,people with known MDD,,zinc: 106 ug/dL,zinc: 17 ug/dL,zinc: 106 ug/dL,zinc: 14 ug/dL,patients with MDD and no concomittant psychotic symptoms or symptoms requiring hospitalization,depression,,,44,SSRI,various,daily,various,2,22,12,Beck Depression Inventory,17,28,34.92648,17,22.2,9.256485871,22.07717,37.5,18,"Zinc group had significantly lower Beck depressions scores compared to placebo. However, they only include the mean for each data point and do not include the SD/SE/90% CI/etc so we are taking their word for this without the actual hard data. This strongly limits the ability to make objective conclusion or to extrapolate their data to our study with only the mean.",none reported,some concerns,some concerns,low,low,high,some concerns,low,high,,,,,,,,,,0,0,,,
Fard/2017/Iran,Effects of zinc and Magnesium supplements on postpartum depression and anxiety: A randomized controlled clinical trial,Randomized Control Trial,yes,depression,post partum women,,,,,,"post-partum adult women with score of less than 12 on Edinburgh scale, without history of depression or other psych disorder, hospitalization of newborn or mother for complications",none,,post-partum,99,zinc,37 mg,daily,37 mg,3,33,8,EPDS,33,6.7,3,31,7.4,4.9,,29.4,0,"Adjusting for baseline scores as well as zinc and magnesium serum levels, no significant difference was observed between groups 8 weeks after delivery in mean scores of depressive symptoms (p = .553), state anxiety (p = .995), and trait anxiety (p = .234). This study concluded magnesium and zinc did not reduce postpartum anxiety and depressive symptoms.",none,low,low,low,low,low,low,low,low,,OLS,0.6,4.508880127,1.223491765,7,,,,0,0,,,
Fard/2017/Iran,Effects of zinc and Magnesium supplements on postpartum depression and anxiety: A randomized controlled clinical trial,Randomized Control Trial,yes,depression,post partum women,,,,,,"post-partum adult women with score of less than 12 on Edinburgh scale, without history of depression or other psych disorder, hospitalization of newborn or mother for complications",none,,post-partum,99,magnesium,320 mg,daily,320 mg,3,33,8,EPDS,33,5.6,2.7,31,7.47,4.3,,26.4,0,"Adjusting for baseline scores as well as zinc and magnesium serum levels, no significant difference was observed between groups 8 weeks after delivery in mean scores of depressive symptoms (p = .553), state anxiety (p = .995), and trait anxiety (p = .234). This study concluded magnesium and zinc did not reduce postpartum anxiety and depressive symptoms.",none,low,low,low,low,low,low,low,low,,OLS,1.1,4.508880127,1.273430205,7,,,,0,0,,,
Fard/2017/Iran,Effects of zinc and Magnesium supplements on postpartum depression and anxiety: A randomized controlled clinical trial,Randomized Control Trial,yes,depression,post partum women,,,,,,"post-partum adult women with score of less than 12 on Edinburgh scale, without history of depression or other psych disorder, hospitalization of newborn or mother for complications",none,,post-partum,99,placebo,,daily,,3,33,8,EPDS,33,6.2,2.8,33,6.6,4.3,,27.6,0,"Adjusting for baseline scores as well as zinc and magnesium serum levels, no significant difference was observed between groups 8 weeks after delivery in mean scores of depressive symptoms (p = .553), state anxiety (p = .995), and trait anxiety (p = .234). This study concluded magnesium and zinc did not reduce postpartum anxiety and depressive symptoms.",none,low,low,low,low,low,low,low,low,,,0,4.508880127,1.223491765,7,,,,0,0,,,
Fard/2017/Iran,Effects of zinc and Magnesium supplements on postpartum depression and anxiety: A randomized controlled clinical trial,Randomized Control Trial,yes,anxiety,post partum women,,,,,,"post-partum adult women with score of less than 12 on Edinburgh scale, without history of depression or other psych disorder, hospitalization of newborn or mother for complications",none,,post-partum,99,zinc,37 mg,daily,37 mg,3,33,8,STAI-S,33,45.6,4.2,31,46.6,4.2,,29.4,0,"Adjusting for baseline scores as well as zinc and magnesium serum levels, no significant difference was observed between groups 8 weeks after delivery in mean scores of depressive symptoms (p = .553), state anxiety (p = .995), and trait anxiety (p = .234). This study concluded magnesium and zinc did not reduce postpartum anxiety and depressive symptoms.",none,low,low,low,low,low,low,low,low,,OLS,-0.09,3.945461528,1.348337864,7,,,,0,0,,,
Fard/2017/Iran,Effects of zinc and Magnesium supplements on postpartum depression and anxiety: A randomized controlled clinical trial,Randomized Control Trial,yes,anxiety,post partum women,,,,,,"post-partum adult women with score of less than 12 on Edinburgh scale, without history of depression or other psych disorder, hospitalization of newborn or mother for complications",none,,post-partum,99,magnesium,320 mg,daily,320 mg,3,33,8,STAI-S,33,46.4,4.7,31,47.1,4.1,,26.4,0,"Adjusting for baseline scores as well as zinc and magnesium serum levels, no significant difference was observed between groups 8 weeks after delivery in mean scores of depressive symptoms (p = .553), state anxiety (p = .995), and trait anxiety (p = .234). This study concluded magnesium and zinc did not reduce postpartum anxiety and depressive symptoms.",none,low,low,low,low,low,low,low,low,,OLS,-0.5,3.945461528,1.423245523,7,,,,0,0,,,
Fard/2017/Iran,Effects of zinc and Magnesium supplements on postpartum depression and anxiety: A randomized controlled clinical trial,Randomized Control Trial,yes,anxiety,post partum women,,,,,,"post-partum adult women with score of less than 12 on Edinburgh scale, without history of depression or other psych disorder, hospitalization of newborn or mother for complications",none,,post-partum,99,placebo,,daily,,3,33,8,STAI-S,33,44,4.6,33,46.9,3.5,,27.6,0,"Adjusting for baseline scores as well as zinc and magnesium serum levels, no significant difference was observed between groups 8 weeks after delivery in mean scores of depressive symptoms (p = .553), state anxiety (p = .995), and trait anxiety (p = .234). This study concluded magnesium and zinc did not reduce postpartum anxiety and depressive symptoms.",none,low,low,low,low,low,low,low,low,,,0,3.945461528,1.423245523,7,,,,0,0,,,
Fard/2017/Iran,Effects of zinc and Magnesium supplements on postpartum depression and anxiety: A randomized controlled clinical trial,Randomized Control Trial,yes,anxiety,post partum women,,,,,,"post-partum adult women with score of less than 12 on Edinburgh scale, without history of depression or other psych disorder, hospitalization of newborn or mother for complications",none,,post-partum,99,zinc,37 mg,daily,37 mg,3,33,8,STAI-T,33,44.3,4.3,31,46,4.6,,29.4,0,"Adjusting for baseline scores as well as zinc and magnesium serum levels, no significant difference was observed between groups 8 weeks after delivery in mean scores of depressive symptoms (p = .553), state anxiety (p = .995), and trait anxiety (p = .234). This study concluded magnesium and zinc did not reduce postpartum anxiety and depressive symptoms.",none,low,low,low,low,low,low,low,low,,OLS,-1.3,4.084115571,1.198522546,7,,,,0,0,,,
Fard/2017/Iran,Effects of zinc and Magnesium supplements on postpartum depression and anxiety: A randomized controlled clinical trial,Randomized Control Trial,yes,anxiety,post partum women,,,,,,"post-partum adult women with score of less than 12 on Edinburgh scale, without history of depression or other psych disorder, hospitalization of newborn or mother for complications",none,,post-partum,99,magnesium,320 mg,daily,320 mg,3,33,8,STAI-T,33,43.1,4,31,46.1,3.8,,26.4,0,"Adjusting for baseline scores as well as zinc and magnesium serum levels, no significant difference was observed between groups 8 weeks after delivery in mean scores of depressive symptoms (p = .553), state anxiety (p = .995), and trait anxiety (p = .234). This study concluded magnesium and zinc did not reduce postpartum anxiety and depressive symptoms.",none,low,low,low,low,low,low,low,low,,OLS,0.01,4.084115571,1.248460985,7,,,,0,0,,,
Fard/2017/Iran,Effects of zinc and Magnesium supplements on postpartum depression and anxiety: A randomized controlled clinical trial,Randomized Control Trial,yes,anxiety,post partum women,,,,,,"post-partum adult women with score of less than 12 on Edinburgh scale, without history of depression or other psych disorder, hospitalization of newborn or mother for complications",none,,post-partum,99,placebo,,daily,,3,33,8,STAI-T,33,43.5,4.7,33,44.8,3.8,,27.6,0,"Adjusting for baseline scores as well as zinc and magnesium serum levels, no significant difference was observed between groups 8 weeks after delivery in mean scores of depressive symptoms (p = .553), state anxiety (p = .995), and trait anxiety (p = .234). This study concluded magnesium and zinc did not reduce postpartum anxiety and depressive symptoms.",none,low,low,low,low,low,low,low,low,,,0,4.084115571,1.248460985,7,,,,0,0,,,
KhalighiSikaroudi/2020/Iran,"Effects of vitamin D3 supplementation on clinical symptoms, quality of life, serum serotonin (5-hydroxytryptamine), 5-hydroxy-indole acetic acid, and ratio of 5-HIAA/5-HT in patients with diarrhea-predominant irritable bowel syndrome: A randomized clinica",Randomized Control Trial,yes,depression,patients with IBS-D ,,25(OH)D: 18.59 ng/mL,25(OH)D: 7.58 ng/mL,25(OH)D: 46.86 ng/mL,25(OH)D: 12 ng/mL,adult patients with IBS-D and vit d insufficiency/deficiency with no other GI disorders not currently taking supplements SSRIs tricyclics,none,,IBS,88,vitamin D,50000 IU,weekly,7142.8571428571 IU,2,44,10,HADS-D,39,6.59,4.63,39,5.26,4.68,,34.56,53.8,"There were no significant differences in abdominal bloating, HADs-anxiety, serum 5-HT, 5-HIAA, and 5-HIAA/5-HT between the two groups at the end of the study. Based on our results, we recommend serum vitamin D be evaluated in the process of treatment of these patients to ameliorate symptoms and quality life of IBS-D patients with vitamin D deficiency and/or insufficiency.",none,low,low,low,low,high,low,low,low,,gain scores,-1.33,3.29404577,,,,,,,,,,
KhalighiSikaroudi/2020/Iran,"Effects of vitamin D3 supplementation on clinical symptoms, quality of life, serum serotonin (5-hydroxytryptamine), 5-hydroxy-indole acetic acid, and ratio of 5-HIAA/5-HT in patients with diarrhea-predominant irritable bowel syndrome: A randomized clinica",Randomized Control Trial,yes,depression,patients with IBS-D ,,25(OH)D: 18.59 ng/mL,25(OH)D: 7.92 ng/mL,25(OH)D: 18.95 ng/mL,25(OH)D: 8.04 ng/mL,adult patients with IBS-D and vit d insufficiency/deficiency with no other GI disorders not currently taking supplements SSRIs tricyclics,none,,IBS,88,placebo,,weekly,,2,44,10,HADS-D,35,6.91,4.97,35,6.06,3.8,,36.57,51.4,"There were no significant differences in abdominal bloating, HADs-anxiety, serum 5-HT, 5-HIAA, and 5-HIAA/5-HT between the two groups at the end of the study. Based on our results, we recommend serum vitamin D be evaluated in the process of treatment of these patients to ameliorate symptoms and quality life of IBS-D patients with vitamin D deficiency and/or insufficiency.",not stated,low,low,low,low,high,low,low,low,,gain scores,-0.85,5.7261167,,,,,,,,,,
KhalighiSikaroudi/2020/Iran,"Effects of vitamin D3 supplementation on clinical symptoms, quality of life, serum serotonin (5-hydroxytryptamine), 5-hydroxy-indole acetic acid, and ratio of 5-HIAA/5-HT in patients with diarrhea-predominant irritable bowel syndrome: A randomized clinica",Randomized Control Trial,yes,anxiety,patients with IBS-D ,,25(OH)D: 18.59 ng/mL,25(OH)D: 7.58 ng/mL,25(OH)D: 46.86 ng/mL,25(OH)D: 12 ng/mL,adult patients with IBS-D and vit d insufficiency/deficiency with no other GI disorders not currently taking supplements SSRIs tricyclics,none,,IBS,88,vitamin D,50000 IU,weekly,7142.8571428571 IU,2,44,10,HADS-A,39,9.46,5.35,39,8,5.84,,34.56,53.8,"There were no significant differences in abdominal bloating, HADs-anxiety, serum 5-HT, 5-HIAA, and 5-HIAA/5-HT between the two groups at the end of the study. Based on our results, we recommend serum vitamin D be evaluated in the process of treatment of these patients to ameliorate symptoms and quality life of IBS-D patients with vitamin D deficiency and/or insufficiency.",none,low,low,low,low,high,low,low,low,,,,,,,,,,,,,,
KhalighiSikaroudi/2020/Iran,"Effects of vitamin D3 supplementation on clinical symptoms, quality of life, serum serotonin (5-hydroxytryptamine), 5-hydroxy-indole acetic acid, and ratio of 5-HIAA/5-HT in patients with diarrhea-predominant irritable bowel syndrome: A randomized clinica",Randomized Control Trial,yes,anxiety,patients with IBS-D ,,25(OH)D: 18.59 ng/mL,25(OH)D: 7.92 ng/mL,25(OH)D: 18.95 ng/mL,25(OH)D: 8.04 ng/mL,adult patients with IBS-D and vit d insufficiency/deficiency with no other GI disorders not currently taking supplements SSRIs tricyclics,none,,IBS,88,placebo,,weekly,,2,44,10,HADS-A,35,11.6,5.84,35,9.2,4.43,,36.57,51.4,"There were no significant differences in abdominal bloating, HADs-anxiety, serum 5-HT, 5-HIAA, and 5-HIAA/5-HT between the two groups at the end of the study. Based on our results, we recommend serum vitamin D be evaluated in the process of treatment of these patients to ameliorate symptoms and quality life of IBS-D patients with vitamin D deficiency and/or insufficiency.",not stated,low,low,low,low,high,low,low,low,,,,,,,,,,,,,,
Vyas/2023/US,Effects of Vitamin D(3) and Marine Omega-3 Fatty Acids Supplementation on Indicated and Selective Prevention of Depression in Older Adults: Results From the Clinical Center Sub-Cohort of the VITamin D and OmegA-3 TriaL (VITAL),Randomized Control Trial,yes,depression,senior citizens,,25(OH)D: 70.5 nmol/L,25(OH)D: 21.5 nmol/L,,,patients with sub-threshold depression or with 1+ high risk factor for late life depression with no concurrent psychiatric disorder or substance abuse/dependence,none,,"sub-syndromal MDD, senior",720,"vitamin D, omega-3","2000 IU, 1 g",daily,"2000 IU, 1 g",2,176,104,DSM-IV MDD incidence,176,,,176,,,,65.3,54.5,"A total of 11.1% had subthreshold depression, 60.8% had ≥ 1 high-risk factor, MDD incidence was 4.7% (5.1% among completers), and mean PHQ-9 score change was 0.02 points. Among those with subthreshold depression, the MDD risk ratio (95% confidence interval) was 0.36 (0.06 to 1.28) for vitamin D3 and 0.85 (0.25 to 2.92) for omega-3s, compared to placebo; results were also null among those with ≥ 1 high-risk factor (vitamin D3 vs placebo: 0.63 [0.25 to 1.53]; omega-3s vs placebo: 1.08 [0.46 to 2.71]). There were no significant differences in PHQ-9 score change comparing either supplement with placebo",not detailed,low,some concerns,low,low,low,low,low,low,hedges'g,duplicate,-0.2466,0.199255,,,,,,,,,,
Vyas/2023/US,Effects of Vitamin D(3) and Marine Omega-3 Fatty Acids Supplementation on Indicated and Selective Prevention of Depression in Older Adults: Results From the Clinical Center Sub-Cohort of the VITamin D and OmegA-3 TriaL (VITAL),Randomized Control Trial,yes,depression,senior citizens,,25(OH)D: 69.5 nmol/L,25(OH)D: 21.5 nmol/L,,,patients with sub-threshold depression or with 1+ high risk factor for late life depression with no concurrent psychiatric disorder or substance abuse/dependence,none,,"sub-syndromal MDD, senior",720,vitamin D,2000 IU,daily,2000 IU,2,178,104,DSM-IV MDD incidence,178,,,178,,,,65.2,52.8,"A total of 11.1% had subthreshold depression, 60.8% had ≥ 1 high-risk factor, MDD incidence was 4.7% (5.1% among completers), and mean PHQ-9 score change was 0.02 points. Among those with subthreshold depression, the MDD risk ratio (95% confidence interval) was 0.36 (0.06 to 1.28) for vitamin D3 and 0.85 (0.25 to 2.92) for omega-3s, compared to placebo; results were also null among those with ≥ 1 high-risk factor (vitamin D3 vs placebo: 0.63 [0.25 to 1.53]; omega-3s vs placebo: 1.08 [0.46 to 2.71]). There were no significant differences in PHQ-9 score change comparing either supplement with placebo",not detailed,low,some concerns,low,low,low,low,low,low,,duplicate,-0.2466,0.199255,,,,,,,,,,
Vyas/2023/US,Effects of Vitamin D(3) and Marine Omega-3 Fatty Acids Supplementation on Indicated and Selective Prevention of Depression in Older Adults: Results From the Clinical Center Sub-Cohort of the VITamin D and OmegA-3 TriaL (VITAL),Randomized Control Trial,yes,depression,senior citizens,,25(OH)D: 72.5 nmol/L,25(OH)D: 24.25 nmol/L,,,patients with sub-threshold depression or with 1+ high risk factor for late life depression with no concurrent psychiatric disorder or substance abuse/dependence,none,,"sub-syndromal MDD, senior",720,omega-3,1 g,daily,1 g,2,176,104,DSM-IV MDD incidence,176,,,176,,,,65.5,55.7,"A total of 11.1% had subthreshold depression, 60.8% had ≥ 1 high-risk factor, MDD incidence was 4.7% (5.1% among completers), and mean PHQ-9 score change was 0.02 points. Among those with subthreshold depression, the MDD risk ratio (95% confidence interval) was 0.36 (0.06 to 1.28) for vitamin D3 and 0.85 (0.25 to 2.92) for omega-3s, compared to placebo; results were also null among those with ≥ 1 high-risk factor (vitamin D3 vs placebo: 0.63 [0.25 to 1.53]; omega-3s vs placebo: 1.08 [0.46 to 2.71]). There were no significant differences in PHQ-9 score change comparing either supplement with placebo",not detailed,low,some concerns,low,low,low,low,low,low,,duplicate,0.1618,0.195226,,,,,,,,,,
Vyas/2023/US,Effects of Vitamin D(3) and Marine Omega-3 Fatty Acids Supplementation on Indicated and Selective Prevention of Depression in Older Adults: Results From the Clinical Center Sub-Cohort of the VITamin D and OmegA-3 TriaL (VITAL),Randomized Control Trial,yes,depression,senior citizens,,25(OH)D: 71.25 nmol/L,25(OH)D: 20.25 nmol/L,,,patients with sub-threshold depression or with 1+ high risk factor for late life depression with no concurrent psychiatric disorder or substance abuse/dependence,none,,"sub-syndromal MDD, senior",720,placebo,,daily,,2,190,104,DSM-IV MDD incidence,190,,,190,,,,65.4,58.9,"A total of 11.1% had subthreshold depression, 60.8% had ≥ 1 high-risk factor, MDD incidence was 4.7% (5.1% among completers), and mean PHQ-9 score change was 0.02 points. Among those with subthreshold depression, the MDD risk ratio (95% confidence interval) was 0.36 (0.06 to 1.28) for vitamin D3 and 0.85 (0.25 to 2.92) for omega-3s, compared to placebo; results were also null among those with ≥ 1 high-risk factor (vitamin D3 vs placebo: 0.63 [0.25 to 1.53]; omega-3s vs placebo: 1.08 [0.46 to 2.71]). There were no significant differences in PHQ-9 score change comparing either supplement with placebo",not detailed,low,some concerns,low,low,low,low,low,low,,duplicate,0,0.199255,,,,,,,,,,
Vyas/2023/US,Effects of Vitamin D(3) and Marine Omega-3 Fatty Acids Supplementation on Indicated and Selective Prevention of Depression in Older Adults: Results From the Clinical Center Sub-Cohort of the VITamin D and OmegA-3 TriaL (VITAL),Randomized Control Trial,yes,depression,senior citizens,,25(OH)D: 70.5 nmol/L,25(OH)D: 21.5 nmol/L,,,patients with sub-threshold depression or with 1+ high risk factor for late life depression with no concurrent psychiatric disorder or substance abuse/dependence,none,,"sub-syndromal MDD, senior",720,"vitamin D, omega-3","2000 IU, 1 g",daily,"2000 IU, 1 g",2,176,104,PHQ-9,176,1.75,2.873456112,176,,,,65.3,54.5,"A total of 11.1% had subthreshold depression, 60.8% had ≥ 1 high-risk factor, MDD incidence was 4.7% (5.1% among completers), and mean PHQ-9 score change was 0.02 points. Among those with subthreshold depression, the MDD risk ratio (95% confidence interval) was 0.36 (0.06 to 1.28) for vitamin D3 and 0.85 (0.25 to 2.92) for omega-3s, compared to placebo; results were also null among those with ≥ 1 high-risk factor (vitamin D3 vs placebo: 0.63 [0.25 to 1.53]; omega-3s vs placebo: 1.08 [0.46 to 2.71]). There were no significant differences in PHQ-9 score change comparing either supplement with placebo",not detailed,low,some concerns,low,low,low,low,low,low,OLS,duplicate,-0.08,,0.109509943,5,,,,,,,,
Vyas/2023/US,Effects of Vitamin D(3) and Marine Omega-3 Fatty Acids Supplementation on Indicated and Selective Prevention of Depression in Older Adults: Results From the Clinical Center Sub-Cohort of the VITamin D and OmegA-3 TriaL (VITAL),Randomized Control Trial,yes,depression,senior citizens,,25(OH)D: 69.5 nmol/L,25(OH)D: 21.5 nmol/L,,,patients with sub-threshold depression or with 1+ high risk factor for late life depression with no concurrent psychiatric disorder or substance abuse/dependence,none,,"sub-syndromal MDD, senior",720,vitamin D,2000 iu,daily,2000 IU,2,178,104,PHQ-9,178,2.75,2.873456112,178,,,,65.2,52.8,"A total of 11.1% had subthreshold depression, 60.8% had ≥ 1 high-risk factor, MDD incidence was 4.7% (5.1% among completers), and mean PHQ-9 score change was 0.02 points. Among those with subthreshold depression, the MDD risk ratio (95% confidence interval) was 0.36 (0.06 to 1.28) for vitamin D3 and 0.85 (0.25 to 2.92) for omega-3s, compared to placebo; results were also null among those with ≥ 1 high-risk factor (vitamin D3 vs placebo: 0.63 [0.25 to 1.53]; omega-3s vs placebo: 1.08 [0.46 to 2.71]). There were no significant differences in PHQ-9 score change comparing either supplement with placebo",not detailed,low,some concerns,low,low,low,low,low,low,,duplicate,-0.08,,0.109509943,5,,,,,,,,
Vyas/2023/US,Effects of Vitamin D(3) and Marine Omega-3 Fatty Acids Supplementation on Indicated and Selective Prevention of Depression in Older Adults: Results From the Clinical Center Sub-Cohort of the VITamin D and OmegA-3 TriaL (VITAL),Randomized Control Trial,yes,depression,senior citizens,,25(OH)D: 72.5 nmol/L,25(OH)D: 24.25 nmol/L,,,patients with sub-threshold depression or with 1+ high risk factor for late life depression with no concurrent psychiatric disorder or substance abuse/dependence,none,,"sub-syndromal MDD, senior",720,omega-3,1 g,daily,1 g,2,176,104,PHQ-9,176,2.25,2.873456112,176,,,,65.5,55.7,"A total of 11.1% had subthreshold depression, 60.8% had ≥ 1 high-risk factor, MDD incidence was 4.7% (5.1% among completers), and mean PHQ-9 score change was 0.02 points. Among those with subthreshold depression, the MDD risk ratio (95% confidence interval) was 0.36 (0.06 to 1.28) for vitamin D3 and 0.85 (0.25 to 2.92) for omega-3s, compared to placebo; results were also null among those with ≥ 1 high-risk factor (vitamin D3 vs placebo: 0.63 [0.25 to 1.53]; omega-3s vs placebo: 1.08 [0.46 to 2.71]). There were no significant differences in PHQ-9 score change comparing either supplement with placebo",not detailed,low,some concerns,low,low,low,low,low,low,,duplicate,0.2,,0.09949162,5,,,,,,,,
Vyas/2023/US,Effects of Vitamin D(3) and Marine Omega-3 Fatty Acids Supplementation on Indicated and Selective Prevention of Depression in Older Adults: Results From the Clinical Center Sub-Cohort of the VITamin D and OmegA-3 TriaL (VITAL),Randomized Control Trial,yes,depression,senior citizens,,25(OH)D: 71.25 nmol/L,25(OH)D: 20.25 nmol/L,,,patients with sub-threshold depression or with 1+ high risk factor for late life depression with no concurrent psychiatric disorder or substance abuse/dependence,none,,"sub-syndromal MDD, senior",720,placebo,,daily,,2,190,104,PHQ-9,190,2,2.873456112,190,,,,65.4,58.9,"A total of 11.1% had subthreshold depression, 60.8% had ≥ 1 high-risk factor, MDD incidence was 4.7% (5.1% among completers), and mean PHQ-9 score change was 0.02 points. Among those with subthreshold depression, the MDD risk ratio (95% confidence interval) was 0.36 (0.06 to 1.28) for vitamin D3 and 0.85 (0.25 to 2.92) for omega-3s, compared to placebo; results were also null among those with ≥ 1 high-risk factor (vitamin D3 vs placebo: 0.63 [0.25 to 1.53]; omega-3s vs placebo: 1.08 [0.46 to 2.71]). There were no significant differences in PHQ-9 score change comparing either supplement with placebo",not detailed,low,some concerns,low,low,low,low,low,low,,duplicate,0,2.873456112,,,,,,,,,,
Zajac/2020/AUS,"The Effects of Vitamin D-Enriched Mushrooms and Vitamin D3 on Cognitive Performance and Mood in Healthy Elderly Adults: A Randomised, Double-Blinded, Placebo-Controlled Trial",Randomized Control Trial,yes,anxiety,senior citizens,,25(OH)D: 74.64 nmol/L,25(OH)D: 2.08 nmol/L,25(OH)D: 66.76 nmol/L,25(OH)D: 2.06 nmol/L,healthy males and females from 60-90yo not on vit d without poor cognitive function,none,,,436,"vitamin D, multi-nutrient","600 IU vitamin D2, various",daily,"600 IU, various",4,147,24,PANAS,93,2.52,2.507349198,89,2.63,3.516063139,0.29,69.7,49.4,"There were no significant effects of treatment on any of the measures of cognitive function or mood. Overall, the results show that daily supplementation of ~600 IU of vitamin D3 was sufficient to maintain 25-OH-D throughout winter months, but in contrast to existing cross-sectional studies there was no support for benefit of vitamin D supplementation for mood or cognition in healthy elderly people.",none,low,low,low,low,low,low,low,low,,,,,,,,,,0,0,,,
Zajac/2020/AUS,"The Effects of Vitamin D-Enriched Mushrooms and Vitamin D3 on Cognitive Performance and Mood in Healthy Elderly Adults: A Randomised, Double-Blinded, Placebo-Controlled Trial",Randomized Control Trial,yes,anxiety,senior citizens,,25(OH)D: 77.8 nmol/L,25(OH)D: 1.94 nmol/L,25(OH)D: 82.24 nmol/L,25(OH)D: 1.90 nmol/L,healthy males and females from 60-90yo not on vit d without poor cognitive function,none,,,436,vitamin D,600 IU vitamin D3,daily,600 IU,4,91,24,PANAS,91,3.1,3.720362886,89,3.53,4.483514247,0.47,70.8,46.2,"There were no significant effects of treatment on any of the measures of cognitive function or mood. Overall, the results show that daily supplementation of ~600 IU of vitamin D3 was sufficient to maintain 25-OH-D throughout winter months, but in contrast to existing cross-sectional studies there was no support for benefit of vitamin D supplementation for mood or cognition in healthy elderly people.",none,low,low,low,low,low,low,low,low,,,,,,,,,,0,0,,,
Zajac/2020/AUS,"The Effects of Vitamin D-Enriched Mushrooms and Vitamin D3 on Cognitive Performance and Mood in Healthy Elderly Adults: A Randomised, Double-Blinded, Placebo-Controlled Trial",Randomized Control Trial,yes,anxiety,senior citizens,,25(OH)D: 77.95 nmol/L,25(OH)D: 1.92 nmol/L,25(OH)D: 64.91 nmol/L,25(OH)D: 1.88 nmol/L,healthy males and females from 60-90yo not on vit d without poor cognitive function,none,,,436,multi-nutrient,various,daily,various,4,94,24,PANAS,94,3.04,3.296422303,91,3.08,3.781190289,0.39,69.4,48.9,"There were no significant effects of treatment on any of the measures of cognitive function or mood. Overall, the results show that daily supplementation of ~600 IU of vitamin D3 was sufficient to maintain 25-OH-D throughout winter months, but in contrast to existing cross-sectional studies there was no support for benefit of vitamin D supplementation for mood or cognition in healthy elderly people.",none,low,low,low,low,low,low,low,low,,,,,,,,,,0,0,,,
Zajac/2020/AUS,"The Effects of Vitamin D-Enriched Mushrooms and Vitamin D3 on Cognitive Performance and Mood in Healthy Elderly Adults: A Randomised, Double-Blinded, Placebo-Controlled Trial",Randomized Control Trial,yes,anxiety,senior citizens,,25(OH)D: 74.13 nmol/L,25(OH)D: 1.94 nmol/L,25(OH)D: 61.91 nmol/L,25(OH)D: 1.89 nmol/L,healthy males and females from 60-90yo not on vit d without poor cognitive function,none,,,436,placebo,,daily,,4,92,24,PANAS,92,3.13,3.836665219,92,2.87,4.220331741,0.44,70.1,48.9,"There were no significant effects of treatment on any of the measures of cognitive function or mood. Overall, the results show that daily supplementation of ~600 IU of vitamin D3 was sufficient to maintain 25-OH-D throughout winter months, but in contrast to existing cross-sectional studies there was no support for benefit of vitamin D supplementation for mood or cognition in healthy elderly people.",none,low,low,low,low,low,low,low,low,,,,,,,,,,0,0,,,
Zajac/2020/AUS,"The Effects of Vitamin D-Enriched Mushrooms and Vitamin D3 on Cognitive Performance and Mood in Healthy Elderly Adults: A Randomised, Double-Blinded, Placebo-Controlled Trial",Randomized Control Trial,yes,depression,senior citizens,,25(OH)D: 74.64 nmol/L,25(OH)D: 2.08 nmol/L,25(OH)D: 66.76 nmol/L,25(OH)D: 2.06 nmol/L,healthy males and females from 60-90yo not on vit d without poor cognitive function,none,,,436,"vitamin D, multi-nutrient","600 iu vitamin D2, various",daily,"600 IU, various",4,147,24,"DASS-21, depression",93,4.31,4.05033332,89,4.06,5.819690713,0.48,69.7,49.4,"There were no significant effects of treatment on any of the measures of cognitive function or mood. Overall, the results show that daily supplementation of ~600 IU of vitamin D3 was sufficient to maintain 25-OH-D throughout winter months, but in contrast to existing cross-sectional studies there was no support for benefit of vitamin D supplementation for mood or cognition in healthy elderly people.",none,low,low,low,low,low,low,low,low,,,,,,,,,,0,0,,,
Zajac/2020/AUS,"The Effects of Vitamin D-Enriched Mushrooms and Vitamin D3 on Cognitive Performance and Mood in Healthy Elderly Adults: A Randomised, Double-Blinded, Placebo-Controlled Trial",Randomized Control Trial,yes,depression,senior citizens,,25(OH)D: 77.8 nmol/L,25(OH)D: 1.94 nmol/L,25(OH)D: 82.24 nmol/L,25(OH)D: 1.90 nmol/L,healthy males and females from 60-90yo not on vit d without poor cognitive function,none,,,436,vitamin D,600 iu vitamin D3,daily,600 IU,4,91,24,"DASS-21, depression",91,4.52,5.628241288,89,4.29,4.960483847,0.52,70.8,46.2,"There were no significant effects of treatment on any of the measures of cognitive function or mood. Overall, the results show that daily supplementation of ~600 IU of vitamin D3 was sufficient to maintain 25-OH-D throughout winter months, but in contrast to existing cross-sectional studies there was no support for benefit of vitamin D supplementation for mood or cognition in healthy elderly people.",none,low,low,low,low,low,low,low,low,,,,,,,,,,0,0,,,
Zajac/2020/AUS,"The Effects of Vitamin D-Enriched Mushrooms and Vitamin D3 on Cognitive Performance and Mood in Healthy Elderly Adults: A Randomised, Double-Blinded, Placebo-Controlled Trial",Randomized Control Trial,yes,depression,senior citizens,,25(OH)D: 77.95 nmol/L,25(OH)D: 1.92 nmol/L,25(OH)D: 64.91 nmol/L,25(OH)D: 1.88 nmol/L,healthy males and females from 60-90yo not on vit d without poor cognitive function,none,,,436,multi-nutrient,various,daily,various,4,94,24,"DASS-21, depression",94,4.44,5.332447843,91,4.26,4.944633455,0.51,69.4,48.9,"There were no significant effects of treatment on any of the measures of cognitive function or mood. Overall, the results show that daily supplementation of ~600 IU of vitamin D3 was sufficient to maintain 25-OH-D throughout winter months, but in contrast to existing cross-sectional studies there was no support for benefit of vitamin D supplementation for mood or cognition in healthy elderly people.",none,low,low,low,low,low,low,low,low,,,,,,,,,,0,0,,,
Zajac/2020/AUS,"The Effects of Vitamin D-Enriched Mushrooms and Vitamin D3 on Cognitive Performance and Mood in Healthy Elderly Adults: A Randomised, Double-Blinded, Placebo-Controlled Trial",Randomized Control Trial,yes,depression,senior citizens,,25(OH)D: 74.13 nmol/L,25(OH)D: 1.94 nmol/L,25(OH)D: 61.91 nmol/L,25(OH)D: 1.89 nmol/L,healthy males and females from 60-90yo not on vit d without poor cognitive function,none,,,436,placebo,,daily,,4,92,24,"DASS-21, depression",92,3.91,4.508081632,92,3.39,4.02849848,0.42,70.1,48.9,"There were no significant effects of treatment on any of the measures of cognitive function or mood. Overall, the results show that daily supplementation of ~600 IU of vitamin D3 was sufficient to maintain 25-OH-D throughout winter months, but in contrast to existing cross-sectional studies there was no support for benefit of vitamin D supplementation for mood or cognition in healthy elderly people.",none,low,low,low,low,low,low,low,low,,,,,,,,,,0,0,,,
Jorde/2008/Norway,Effects of vitamin D supplementation on symptoms of depression in overweight and obese subjects: randomized double blind trial,Randomized Control Trial,yes,depression,"21-70, patients with vit d deficiency, outpatient",,25(OH)D: 57.825 nmol/L,25(OH)D: 37.67689273 nmol/L,25(OH)D: 97.350 nmol/L,25(OH)D: 43.44016352 nmol/L,"Males and females 21 to 70 years old with body mass index (BMI) between 28.0 and 47.0 kg m)2
Excluded: Subjects with a history of coronary infarction, angina pectoris, stroke or renal stone disease were excluded. Subjects using antidepressant or weight reducing
drugs, pregnant or lactating women and women below the age of 50 years without adequate contraception were not included.""",none,vitamin D,"overweight, obese",334,vitamin D,40000 IU,weekly,5714.2857142857 IU,3,116,52,Beck Depression Inventory,116,8.25,9.4094217,116,7.25,9.01736246,,47.5,40.52,"""In the present study, we have found that overweight
and obese subjects with serum 25(OH)D levels
<40 nmol L)1 have higher (more depressive) scores
on the BDI total and BDI 1–13 subscale compared
with those with serum 25(OH)D levels ‡40 nmol L)1,
and that supplementation with high doses of vitamin
D for 1 year may improve these scores.""",mostly GI but several hypercalcemia,some concerns,some concerns,low,low,high,low,some concerns,high,,,,,,,,,,,,<=,2,2
Jorde/2008/Norway,Effects of vitamin D supplementation on symptoms of depression in overweight and obese subjects: randomized double blind trial,Randomized Control Trial,yes,depression,"21-70, patients with vit d deficiency, outpatient",,25(OH)D: 56.050 nmol/L,25(OH)D: 31.8364578 nmol/L,25(OH)D: 116.075 nmol/L,25(OH)D: 58.2345182 nmol/L,"Males and females 21 to 70 years old with body mass index (BMI) between 28.0 and 47.0 kg m)2
Excluded: Subjects with a history of coronary infarction, angina pectoris, stroke or renal stone disease were excluded. Subjects using antidepressant or weight reducing
drugs, pregnant or lactating women and women below the age of 50 years without adequate contraception were not included.""",none,vitamin D,"overweight, obese",334,vitamin D,20000 IU,weekly,2857.1428571429 IU,3,106,52,Beck Depression Inventory,106,9.5,11.1149728,106,8.5,10.3210462,,48.25,37.73,"""In the present study, we have found that overweight
and obese subjects with serum 25(OH)D levels
<40 nmol L)1 have higher (more depressive) scores
on the BDI total and BDI 1–13 subscale compared
with those with serum 25(OH)D levels ‡40 nmol L)1,
and that supplementation with high doses of vitamin
D for 1 year may improve these scores.""","1 subject with a baseline serum
calcium level of 2.30 mmol/L and serum PTH of
3.2 pmol/L had an increase in serum calcium to
2.62 mmol/L after 6 months. The retest values were
2.60 mmol/L for serum calcium and 1.6 pmol/L
for serum PTH, and the subject was excluded from
the study.",some concerns,some concerns,low,low,high,low,some concerns,high,,,,,,,,,,,,<=,2,2
Jorde/2008/Norway,Effects of vitamin D supplementation on symptoms of depression in overweight and obese subjects: randomized double blind trial,Randomized Control Trial,yes,depression,"21-70, patients with vit d deficiency, outpatient",,25(OH)D: 55.675 nmol/L,25(OH)D: 31.87038877 nmol/L,25(OH)D: 55.025 nmol/L,25(OH)D: 31.31886165 nmol/L,"Males and females 21 to 70 years old with body mass index (BMI) between 28.0 and 47.0 kg m)2
Excluded: Subjects with a history of coronary infarction, angina pectoris, stroke or renal stone disease were excluded. Subjects using antidepressant or weight reducing
drugs, pregnant or lactating women and women below the age of 50 years without adequate contraception were not included.""",none,vitamin D,"overweight, obese",334,placebo,,weekly,,3,112,52,Beck Depression Inventory,112,8.125,9.65172466,112,6.4,7.09106301,,49.75,36.61,"""In the present study, we have found that overweight
and obese subjects with serum 25(OH)D levels
<40 nmol L)1 have higher (more depressive) scores
on the BDI total and BDI 1–13 subscale compared
with those with serum 25(OH)D levels ‡40 nmol L)1,
and that supplementation with high doses of vitamin
D for 1 year may improve these scores.""",1 subject dx with primary hyperthyroidism,some concerns,some concerns,low,low,high,low,some concerns,high,,,,,,,,,,,,<=,2,2
Omidian/2019/Iran,Effects of vitamin D supplementation on depressive symptoms in type 2 diabetes mellitus patients: Randomized placebo-controlled double-blind clinical trial,Randomized Control Trial,yes,depression,patients with T2DM,,25(OH)D: 15.5 ng/mL,25(OH)D: 8.8 ng/mL,25(OH)D: 32.2 ng/mL,25(OH)D: 8.9 ng/mL,"T2DM aged 30-60 not on herbal or dietary supplements, without MDD and not taking antidepressants",depression,vitamin D,type 2 diabetes,68,vitamin D,4000 IU,daily,4000 IU,2,34,12,BDI-II,32,15.2,9.6,32,9.8,7.2,,49.7,35.8,"supplementation of vitamin D in T2DM patients may protect these patients against the onset of major depressive disorder (MDD), with noticeable favorable effects on measures of metabolic profiles",not reported,low,low,low,low,low,low,low,low,gain score sd estimated using formula from box plots,gain scores,-5.4,5.51144818,,,,,,,,,,
Omidian/2019/Iran,Effects of vitamin D supplementation on depressive symptoms in type 2 diabetes mellitus patients: Randomized placebo-controlled double-blind clinical trial,Randomized Control Trial,yes,depression,patients with T2DM,,25(OH)D: 14.6 ng/mL,25(OH)D: 11.4 ng/mL,25(OH)D: 15.4 ng/mL,25(OH)D: 11.5 ng/mL,"T2DM aged 30-60 not on herbal or dietary supplements, without MDD and not taking antidepressants",depression,vitamin D,type 2 diabetes,68,placebo,,daily,,2,34,12,BDI-II,34,15.5,11.2,34,13.7,11.5,,51.3,36.2,"supplementation of vitamin D in T2DM patients may protect these patients against the onset of major depressive disorder (MDD), with noticeable favorable effects on measures of metabolic profiles",not reported,low,low,low,low,low,low,low,low,gain score sd estimated using formula from box plots,gain scores,-1.8,3.83232436,,,,,,,,,,
Kaviani/2022/Iran,Effects of vitamin D supplementation on depression and some selected pro-inflammatory biomarkers: a double-blind randomized clinical trial,Randomized Control Trial,yes,depression,patients with mild to moderate depression,,25(OH)D: 87.1 nmol/L,25(OH)D: 28.5 nmol/L,25(OH)D: 127.92 nmol/L,25(OH)D: 24.93 nmol/L,"""18–60 years of age and having mild to moderate depression with no other psychiatric disease, as confirmed by the psychiatrist
both incident and old cases of depression were enrolled""
""The non-inclusion criteria were: having a history of heart infarction, angina pectoris, stroke, kidney stones, high blood pressure, liver disease, and hyperparathyroidism, pregnancy and/or lactation, reproductive-aged women (under 50 years old) not receiving adequate 
contraception, consuming nutritional supplements containing vitamin D from two months prior to the intervention. Exclusion criteria were: lack of willingness to 
continue the study and failure to follow the interventional program. """,depression,,,56,vitamin D,50000 IU ,q2wks,3571.4285714286 IU,2,36,8,BDI-II,28,23.86,5.49,28,12.11,6.12,,43.14,3.6,"Statistically significant changes were observed only in intervention group as compared with controls including increased 25(OH)D concentration(+40.83±28.57vs.+5.14±23.44 nmol L−1, P<0.001) and decreased depression severity (-11.75±6.40 vs. -3.61±10.40, P=0.003).",none,low,low,low,low,low,low,low,low,,gain scores,-11.75,6.4,,,,,,0,0,,,
Kaviani/2022/Iran,Effects of vitamin D supplementation on depression and some selected pro-inflammatory biomarkers: a double-blind randomized clinical trial,Randomized Control Trial,yes,depression,patients with mild to moderate depression,,25(OH)D: 73.64 nmol/L,25(OH)D: 31.94 nmol/L,25(OH)D: 78.77 nmol/L,25(OH)D: 27.05 nmol/L,"""18–60 years of age and having mild to moderate depression with no other psychiatric disease, as confirmed by the psychiatrist
both incident and old cases of depression were enrolled""
""The non-inclusion criteria were: having a history of heart infarction, angina pectoris, stroke, kidney stones, high blood pressure, liver disease, and hyperparathyroidism, pregnancy and/or lactation, reproductive-aged women (under 50 years old) not receiving adequate 
contraception, consuming nutritional supplements containing vitamin D from two months prior to the intervention. Exclusion criteria were: lack of willingness to 
continue the study and failure to follow the interventional program. """,depression,,,56,placebo,,q2wks,,2,33,8,BDI-II,28,21.79,5.74,28,18.18,12.82,,42.86,17.9,"Statistically significant changes were observed only in intervention group as compared with controls including increased 25(OH)D concentration(+40.83±28.57vs.+5.14±23.44 nmol L−1, P<0.001) and decreased depression severity (-11.75±6.40 vs. -3.61±10.40, P=0.003).",none,low,low,low,low,low,low,low,low,,gain scores,-3.61,10.4,,,,,,0,0,,,
Kaviani/2020/Iran,Effects of vitamin D supplementation on depression and some involved neurotransmitters,Randomized Control Trial,yes,depression,patients with mild to moderate depression,,25(OH)D: 87.1 nmol/L,25(OH)D: 28.5 nmol/L,25(OH)D: 127.92 nmol/L,25(OH)D: 24.93 nmol/L,"""(1) 18–60 years of age and (2) having
mild to moderate depression with no other psychiatric disease ac-
cording to the psychiatrist's assessments through the structural clinical diagnostic interview based on Diagnostic and Statistical Manual of Mental Disorders, Fourth Edition (DSM–IV) criteria and BDI-II score (mild to moderate depression was defined as a BDI-II score
ranging from 13 to 29)""
The non-inclusion criteria were: (1) Having a history of heart infarction, angina pectoris, stroke, kidney stones, high blood pressure, liver disease, and hyperparathyroidism, (2) pregnancy and/or lactation, (3) reproductive-aged women (under 50 years old) not receiving adequate contraception, (4) consuming nutritional supplements containing vitamin D from two months prior to the intervention. Exclusion criteria were: (1) Lack of willingness to continue the study and (2) failure to follow the interventional program.",depression,,,56,vitamin D,50000 IU ,q2wks,3571.4285714286 IU,2,36,8,BDI-II,28,23.86,5.49,28,12.11,6.12,,43.14,3.6,"Following intervention, significant changes were observed in the intervention group compared to the controls: 25(OH)D concentrations increased (+40.83 ± 28.57 vs. +5.14 ± 23.44 nmol/L, P<0.001) and BDI
scores decreased (-11.75 ± 6.40 vs. -3.61 ± 10.40, P = 0.003). Oxytocin concentrations were significantly reduced in controls (-6.49 ± 13.69 ng/mL, P = 0.01), but between -group differences were insignificant. Withinand between-group differences of platelet serotonin concentrations were not significant; however, the increment
in controls was higher (+0.86 ± 10.82 vs. +0.26 ± 9.38 ng/mL, P = 0.83).",none,some concerns,low,low,low,low,low,low,low,,duplicate,,,,,,,,0,0,,,
Kaviani/2020/Iran,Effects of vitamin D supplementation on depression and some involved neurotransmitters,Randomized Control Trial,yes,depression,patients with mild to moderate depression,,25(OH)D: 73.64 nmol/L,25(OH)D: 31.94 nmol/L,25(OH)D: 78.77 nmol/L,25(OH)D: 27.05 nmol/L,"""(1) 18–60 years of age and (2) having
mild to moderate depression with no other psychiatric disease ac-
cording to the psychiatrist's assessments through the structural clinical diagnostic interview based on Diagnostic and Statistical Manual of Mental Disorders, Fourth Edition (DSM–IV) criteria and BDI-II score (mild to moderate depression was defined as a BDI-II score
ranging from 13 to 29)""
The non-inclusion criteria were: (1) Having a history of heart infarction, angina pectoris, stroke, kidney stones, high blood pressure, liver disease, and hyperparathyroidism, (2) pregnancy and/or lactation, (3) reproductive-aged women (under 50 years old) not receiving adequate contraception, (4) consuming nutritional supplements containing vitamin D from two months prior to the intervention. Exclusion criteria were: (1) Lack of willingness to continue the study and (2) failure to follow the interventional program.",depression,,,56,placebo,,q2wks,,2,33,8,BDI-II,28,21.79,5.74,28,18.18,12.82,,42.86,17.9,"Following intervention, significant changes were observed in the intervention group compared to the controls: 25(OH)D concentrations increased (+40.83 ± 28.57 vs. +5.14 ± 23.44 nmol/L, P<0.001) and BDI
scores decreased (-11.75 ± 6.40 vs. -3.61 ± 10.40, P = 0.003). Oxytocin concentrations were significantly reduced in controls (-6.49 ± 13.69 ng/mL, P = 0.01), but between -group differences were insignificant. Withinand between-group differences of platelet serotonin concentrations were not significant; however, the increment
in controls was higher (+0.86 ± 10.82 vs. +0.26 ± 9.38 ng/mL, P = 0.83).",none,some concerns,low,low,low,low,low,low,low,,duplicate,,,,,,,,0,0,,,
Dean/2011/AUS,Effects of vitamin D supplementation on cognitive and emotional functioning in young adults--a randomised controlled trial,Randomized Control Trial,yes,depression,young adults,,25(OH)D: 76.25 nmol/L,25(OH)D: 20.6368602263 nmol/L,25(OH)D: 98 nmol/L,25(OH)D: 26.1929379795 nmol/L,"English speaking adults 18-30yo who don't take supplements and have no current/past dx of mood or psychotic disorders, no neurologic illness and no current/recent drug/alcohol dependence",none,,emotional functioning,128,vitamin D,5000 IU ,daily,5000 IU ,2,63,6,Beck Depression Inventory,63,7.24,6.667293304,63,6.4,6.746665843,0.85,21.45,38.1,Our findings indicate that vitamin D supplementation does not influence cognitive or emotional functioning in healthy young adults. Future controlled trials in targeted populations of interest are required to determine whether supplementation can improve functioning in these domains,none,low,low,low,low,low,low,low,low,"assuming since difference between gain scores is all negative (in favor of vitamin D), hedge's g would also be negative",hedge's g,-0.1166,0.1759,,,,,,0,0,,,
Dean/2011/AUS,Effects of vitamin D supplementation on cognitive and emotional functioning in young adults--a randomised controlled trial,Randomized Control Trial,yes,depression,young adults,,25(OH)D: 77.23 nmol/L,25(OH)D: 20.9618701456 nmol/L,25(OH)D: 75.4 nmol/L,25(OH)D: 26.6054505694 nmol/L,"English speaking adults 18-30yo who don't take supplements and have no current/past dx of mood or psychotic disorders, no neurologic illness and no current/recent drug/alcohol dependence",none,,emotional functioning,128,placebo,,daily,,2,65,6,Beck Depression Inventory,65,5.72,6.691673931,65,5.38,6.691673931,0.83,22.06,47.7,Our findings indicate that vitamin D supplementation does not influence cognitive or emotional functioning in healthy young adults. Future controlled trials in targeted populations of interest are required to determine whether supplementation can improve functioning in these domains,1 report of transient rectal bleeding,low,low,low,low,low,low,low,low,"assuming since difference between gain scores is all negative (in favor of vitamin D), hedge's g would also be negative",hedge's g,0,0.1759,,,,,,0.015384615,1,,,
Dean/2011/AUS,Effects of vitamin D supplementation on cognitive and emotional functioning in young adults--a randomised controlled trial,Randomized Control Trial,yes,anxiety,young adults,,25(OH)D: 76.25 nmol/L,25(OH)D: 20.6368602263 nmol/L,25(OH)D: 98 nmol/L,25(OH)D: 26.1929379795 nmol/L,"English speaking adults 18-30yo who don't take supplements and have no current/past dx of mood or psychotic disorders, no neurologic illness and no current/recent drug/alcohol dependence",none,,emotional functioning,128,vitamin D,5000 IU ,daily,5000 IU ,2,63,6,STAI-S,63,36.29,10.1,63,36.68,9.604077259,1.21,21.45,38.1,Our findings indicate that vitamin D supplementation does not influence cognitive or emotional functioning in healthy young adults. Future controlled trials in targeted populations of interest are required to determine whether supplementation can improve functioning in these domains,none,low,low,low,low,low,low,low,low,"assuming since difference between gain scores is all negative (in favor of vitamin D), hedge's g would also be negative",hedge's g,-0.2109,0.1762,,,,,,0,0,,,
Dean/2011/AUS,Effects of vitamin D supplementation on cognitive and emotional functioning in young adults--a randomised controlled trial,Randomized Control Trial,yes,anxiety,young adults,,25(OH)D: 77.23 nmol/L,25(OH)D: 20.9618701456 nmol/L,25(OH)D: 75.4 nmol/L,25(OH)D: 26.6054505694 nmol/L,"English speaking adults 18-30yo who don't take supplements and have no current/past dx of mood or psychotic disorders, no neurologic illness and no current/recent drug/alcohol dependence",none,,emotional functioning,128,placebo,,daily,,2,65,6,STAI-S,65,34.15,8.31,65,36.08,9.59408672,1.19,22.06,47.7,Our findings indicate that vitamin D supplementation does not influence cognitive or emotional functioning in healthy young adults. Future controlled trials in targeted populations of interest are required to determine whether supplementation can improve functioning in these domains,1 report of transient rectal bleeding,low,low,low,low,low,low,low,low,"assuming since difference between gain scores is all negative (in favor of vitamin D), hedge's g would also be negative",hedge's g,0,0.1762,,,,,,0.015384615,1,,,
Mirzaei-Azandaryani/2022/Iran,"Effects of vitamin D on insulin resistance and fasting blood glucose in pregnant women with insufficient or deficient vitamin D: a randomized, placebo-controlled trial",Randomized Control Trial,yes,depression,pregnant women,,25(OH)D: 14.86 ng/mL,25(OH)D: 5.9 ng/mL,25(OH)D: 32.17 ng/mL,25(OH)D: 13.20 ng/mL,"pregnant women GA of 8-10 wks w vitamin D deficiency/insufficiency, with no diabetes, PCOS, thyroid/parathyroid disease, not taking vitamin D supplement, with score 12 or less on EPDS",none,vitamin D,pre-partum,88,vitamin D,4000 IU,daily,4000 IU,2,44,17,EPDS,44,9.11,5.16,43,8.62,6.47,,25.63,0,"After the intervention, there was no statistically significant difference between the two groups in terms of FBG (P=0.850), FBI (P=0.353), HOMA-IR (P=0.632), mean score of depressive symptoms (P=0.505), frequency of gestational diabetes (P=0.187) and frequency of abortion (P=1.000) and there was only a difference in terms of serum vitamin D level (P=0.016) and musculoskeletal pain including knee pain (P=0.025), ankle pain (P<0.001).","Nausea (1 person), constipation (1 person)",low,low,low,low,low,low,low,low,,,,,,,,,,0.046511628,2,,,
Mirzaei-Azandaryani/2022/Iran,"Effects of vitamin D on insulin resistance and fasting blood glucose in pregnant women with insufficient or deficient vitamin D: a randomized, placebo-controlled trial",Randomized Control Trial,yes,depression,pregnant women,,25(OH)D: 17.5 ng/mL,25(OH)D: 6.65 ng/mL,25(OH)D: 26.51 ng/mL,25(OH)D: 9.99 ng/mL,"pregnant women GA of 8-10 wks w vitamin D deficiency/insufficiency, with no diabetes, PCOS, thyroid/parathyroid disease, not taking vitamin D supplement, with score 12 or less on EPDS",none,vitamin D,pre-partum,88,placebo,,daily,,2,44,17,EPDS,44,8.88,4.29,41,8.87,5.07,,27.54,0,"After the intervention, there was no statistically significant difference between the two groups in terms of FBG (P=0.850), FBI (P=0.353), HOMA-IR (P=0.632), mean score of depressive symptoms (P=0.505), frequency of gestational diabetes (P=0.187) and frequency of abortion (P=1.000) and there was only a difference in terms of serum vitamin D level (P=0.016) and musculoskeletal pain including knee pain (P=0.025), ankle pain (P<0.001).","Nausea (2 people), headache (1 person), constipation (3 people)",low,low,low,low,low,low,low,low,,,,,,,,,,0.146341463,6,,,
deKoning/2016/Netherlands,"Effects of Two-Year Vitamin B(12) and Folic Acid Supplementation on Depressive Symptoms and Quality of Life in Older Adults with Elevated Homocysteine Concentrations: Additional Results from the B-PROOF Study, an RCT",Randomized Control Trial,yes,depression,senior citizens,,"vitamin B9: 19.467 nmol/L, vitamin B12: 273.667 pmol/L","vitamin B9: 7.272004977 nmol/L, vitamin B12: 94.9812895 nmol/L",,,"adults 65+yo with elevated hcy concentrations, no cancer dx, not on b12 or folic acid",none,,"seniors, elevated homocysteine",2919,"vitamin B12, vitamin B9, vitamin D","500 ug , 400 ug , 15 ug ",daily,"500 ug , 400 ug , 600 IU",2,1461,104,GDS-15,1461,1,1.48408265,1294,,,,73.333,49.62,supplementation with vitamin B12 and folic acid did not reveal significant differences between the two treatment groups (intervention vs. placebo) on depressive symptoms. The results of the present study do not suggest a role of Hcy or vitamin B12 and folic acid supplementation in depressive symptoms in persons with mild hyperhomocysteinemia,62 reported new verified diagnosis of cancer during intervention period,low,low,low,low,low,low,low,low,,,,,,,,,,0.047913447,62,,,
deKoning/2016/Netherlands,"Effects of Two-Year Vitamin B(12) and Folic Acid Supplementation on Depressive Symptoms and Quality of Life in Older Adults with Elevated Homocysteine Concentrations: Additional Results from the B-PROOF Study, an RCT",Randomized Control Trial,yes,depression,senior citizens,,"vitamin B9: 19.400 nmol/L, vitamin B12: 271.000 pmol/L","vitamin B9: 7.197815627 nmol/L, vitamin B12: 103.1439559 pmol/L",,,"adults 65+yo with elevated hcy concentrations, no cancer dx, not on b12 or folic acid",none,,"seniors, elevated homocysteine",2919,vitamin D,15 ug,daily,600 IU,2,1458,104,GDS-15,1458,1,1.4840857,1294,,,,73.333,50.34,supplementation with vitamin B12 and folic acid did not reveal significant differences between the two treatment groups (intervention vs. placebo) on depressive symptoms. The results of the present study do not suggest a role of Hcy or vitamin B12 and folic acid supplementation in depressive symptoms in persons with mild hyperhomocysteinemia,63 reported new verified diagnosis of cancer during intervention period,low,low,low,low,low,low,low,low,,,,,,,,,,0.048686244,63,,,
deKoning/2016/Netherlands,"Effects of Two-Year Vitamin B(12) and Folic Acid Supplementation on Depressive Symptoms and Quality of Life in Older Adults with Elevated Homocysteine Concentrations: Additional Results from the B-PROOF Study, an RCT",Randomized Control Trial,yes,depression,senior citizens,,"vitamin B9: 19.467 nmol/L, vitamin B12: 273.667 pmol/L","vitamin B9: 7.272004977 nmol/L, vitamin B12: 94.9812895 nmol/L",,,"adults 65+yo with elevated hcy concentrations, no cancer dx, not on b12 or folic acid",none,,"seniors, elevated homocysteine",2919,"vitamin B12, vitamin B9, vitamin D","500 ug , 400 ug, 15 ug ",daily,"500 ug , 400 ug , 600 IU",2,1461,104,GDS-15 >=5,1443,0.07,0.0651,1295,0.086,0.078604,,73.333,49.62,supplementation with vitamin B12 and folic acid did not reveal significant differences between the two treatment groups (intervention vs. placebo) on depressive symptoms. The results of the present study do not suggest a role of Hcy or vitamin B12 and folic acid supplementation in depressive symptoms in persons with mild hyperhomocysteinemia,62 reported new verified diagnosis of cancer during intervention period,low,low,low,low,low,low,low,low,this should be positive because they found treatment leads to higher risk,logistic,0.09531018,0.551328895,0.160362299,6,,,,0.047876448,62,,,
deKoning/2016/Netherlands,"Effects of Two-Year Vitamin B(12) and Folic Acid Supplementation on Depressive Symptoms and Quality of Life in Older Adults with Elevated Homocysteine Concentrations: Additional Results from the B-PROOF Study, an RCT",Randomized Control Trial,yes,depression,senior citizens,,"vitamin B9: 19.400 nmol/L, vitamin B12: 271.000 pmol/L","vitamin B9: 7.197815627 nmol/L, vitamin B12: 103.1439559 pmol/L",,,"adults 65+yo with elevated hcy concentrations, no cancer dx, not on b12 or folic acid",none,,"seniors, elevated homocysteine",2919,vitamin D,15 ug,daily,600 IU,2,1458,104,GDS-15 >=5,1456,0.068,0.063376,1299,0.085,0.077775,,73.333,50.34,supplementation with vitamin B12 and folic acid did not reveal significant differences between the two treatment groups (intervention vs. placebo) on depressive symptoms. The results of the present study do not suggest a role of Hcy or vitamin B12 and folic acid supplementation in depressive symptoms in persons with mild hyperhomocysteinemia,63 reported new verified diagnosis of cancer during intervention period,low,low,low,low,low,low,low,low,,,0,0.551328895,0.160362299,6,,,,0.048498845,63,,,
Ryszewska-Pokrasniewicz/2018/Poland,Effects of Magnesium Supplementation on Unipolar Depression: A Placebo-Controlled Study and Review of the Importance of Dosing and Magnesium Status in the Therapeutic Response,Randomized Control Trial,yes,depression,patients with depression,,,,,,"patients with depressive episode or MDD with no delusional d/o, organic d/o, contraindications of SSRIs or magnesium ions",depression,,,37,"magnesium, fluoxetine","40 mg, various","TID, daily","40 mg, various",2,17,8,HAM-D,17,30.5,6,17,10.7,7.9,,48.1,35,The fluoxetine + magnesium and fluoxetine + placebo groups showed no significant differences in either Hamilton Depression Rating Scale (HDRS) scores or serum magnesium levels at any stage of treatment.,none reported,low,some concerns,some concerns,low,high,low,low,high,"changed to negative since this is odds of remission, ie lower depression",logistic,-0.950460248,0.551328895,0.63104407,5,,,,0,0,,,
Ryszewska-Pokrasniewicz/2018/Poland,Effects of Magnesium Supplementation on Unipolar Depression: A Placebo-Controlled Study and Review of the Importance of Dosing and Magnesium Status in the Therapeutic Response,Randomized Control Trial,yes,depression,patients with depression,,,,,,"patients with depressive episode or MDD with no delusional d/o, organic d/o, contraindications of SSRIs or magnesium ions",depression,,,37,fluoxetine,various,daily,various,2,20,8,HAM-D,20,27.55,5.5,15,10.4,6.8,,49.7,50,The fluoxetine + magnesium and fluoxetine + placebo groups showed no significant differences in either Hamilton Depression Rating Scale (HDRS) scores or serum magnesium levels at any stage of treatment.,none reported,low,some concerns,some concerns,low,high,low,low,high,,,0,0.551328895,0.63104407,5,,,,0,0,,,
Afsharfar/2021/Iran,The effects of Magnesium supplementation on serum level of brain derived neurotrophic factor (BDNF) and depression status in patients with depression,Randomized Control Trial,yes,depression,patients with depression,,magnesium: 2.84 mg/dL,magnesium: 2.56 mg/dL,magnesium: 3.21 mg/dL,magnesium: 2.73 mg/dL,patients 20-60yo with BDI score of 11-30,depression,,,40,magnesium,500 mg,daily,500 mg,2,19,8,Beck Depression Inventory,19,19.95,5.8,19,16.42,5.28,,54.5,not recorded,"This study indicated that daily intake of 500 mg magnesium oxide tablet for at least 8 weeks by depressed people results in their improvement in terms of both the mild-to-moderate depression and the status of serum magnesium. Based on the results of the present study, magnesium supplementation could not cause significant change in BDNF levels.",unknown,low,low,low,low,low,low,low,some concerns,,gain scores,-3.53,4.63,,,,,,,,,,
Afsharfar/2021/Iran,The effects of Magnesium supplementation on serum level of brain derived neurotrophic factor (BDNF) and depression status in patients with depression,Randomized Control Trial,yes,depression,patients with depression,,magnesium: 2.64 mg/dL,magnesium: 2.89 mg/dL,magnesium: 2.45 mg/dL,magnesium: 2.40 mg/dL,patients 20-60yo with BDI score of 11-31,depression,,,40,placebo,,daily,,2,21,8,Beck Depression Inventory,21,21.33,6.48,21,20.67,4.89,,52.8,not recorded,"This study indicated that daily intake of 500 mg magnesium oxide tablet for at least 8 weeks by depressed people results in their improvement in terms of both the mild-to-moderate depression and the status of serum magnesium. Based on the results of the present study, magnesium supplementation could not cause significant change in BDNF levels.",unknown,low,low,low,low,low,low,low,some concerns,,gain scores,-0.67,3.73,,,,,,,,,,
Alipouri/2023/Iran,Effects of eight weeks of aerobic exercise and vitamin D supplementation on psychiatric comorbidities in men with migraine and vitamin D insufficiency: A randomized controlled clinical trial,Randomized Control Trial,no,depression,men 20-50 yo with migraine and vitamin D insufficiency,,25(OH)D: 26.38 ng/mL,25(OH)D: 2.26 ng/mL,25(OH)D: 38.71 ng/mL,25(OH)D: 2.24 ng/mL,"men with migraines, no exercise in past 6 months, able to participate in exercise program, insufficient vitamin D, no other psychiatric conditions or alcohol/drug addiction, not taking antidepressant or vitamin D supplement",none,vitamin D,migraine,48,"vitamin D, aerobic exercise","50000 IU, various","various, weekly","7142.8571428571 IU, various",4,12,8,Beck Depression Inventory,12,18.83,4.6,12,7.08,3.42,,27.5,100,findings suggest that the concomitant use of reg­ ular aerobic exercise and vitamin D supplementation could provoke a synergistic effect among associated mechanisms of both interventions leading to additional psycho-cognitive health benefits in men migraine patients with insufficient vitamin D status.,not reported,low,some concerns,high,low,some concerns,low,low,high,,gain scores,-11.75,2.302216854,,,,,,,,,,
Alipouri/2023/Iran,Effects of eight weeks of aerobic exercise and vitamin D supplementation on psychiatric comorbidities in men with migraine and vitamin D insufficiency: A randomized controlled clinical trial,Randomized Control Trial,no,depression,men 20-50 yo with migraine and vitamin D insufficiency,,25(OH)D: 25.03 ng/mL,25(OH)D: 3.03 ng/mL,25(OH)D: 34.03 ng/mL,25(OH)D: 3.7 ng/mL,"men with migraines, no exercise in past 6 months, able to participate in exercise program, insufficient vitamin D, no other psychiatric conditions or alcohol/drug addiction, not taking antidepressant or vitamin D supplement",none,vitamin D,migraine,48,vitamin D,50000 IU ,weekly,7142.8571428571 IU,4,12,8,Beck Depression Inventory,12,19.16,4.08,12,15,5.11,,29.83,100,findings suggest that the concomitant use of reg­ ular aerobic exercise and vitamin D supplementation could provoke a synergistic effect among associated mechanisms of both interventions leading to additional psycho-cognitive health benefits in men migraine patients with insufficient vitamin D status.,not reported,low,some concerns,high,low,some concerns,low,low,high,,gain scores,-4.16,1.695372085,,,,,,,,,,
Alipouri/2023/Iran,Effects of eight weeks of aerobic exercise and vitamin D supplementation on psychiatric comorbidities in men with migraine and vitamin D insufficiency: A randomized controlled clinical trial,Randomized Control Trial,no,depression,men 20-50 yo with migraine and vitamin D insufficiency,,25(OH)D: 25.51 ng/mL,25(OH)D: 2.61 ng/mL,25(OH)D: 28.1 ng/mL,25(OH)D: 2.12 ng/mL,"men with migraines, no exercise in past 6 months, able to participate in exercise program, insufficient vitamin D, no other psychiatric conditions or alcohol/drug addiction, not taking antidepressant or vitamin D supplement",none,vitamin D,migraine,48,aerobic exercise,various,various,various,4,12,8,Beck Depression Inventory,12,19.08,3.67,12,13,3.19,,25.33,100,findings suggest that the concomitant use of reg­ ular aerobic exercise and vitamin D supplementation could provoke a synergistic effect among associated mechanisms of both interventions leading to additional psycho-cognitive health benefits in men migraine patients with insufficient vitamin D status.,not reported,low,some concerns,high,low,some concerns,low,low,high,,gain scores,-6.08,1.92873057,,,,,,,,,,
Alipouri/2023/Iran,Effects of eight weeks of aerobic exercise and vitamin D supplementation on psychiatric comorbidities in men with migraine and vitamin D insufficiency: A randomized controlled clinical trial,Randomized Control Trial,no,depression,men 20-50 yo with migraine and vitamin D insufficiency,,25(OH)D: 24.7 ng/mL,25(OH)D: 2.72 ng/mL,25(OH)D: 25.03 ng/mL,25(OH)D: 2.53 ng/mL,"men with migraines, no exercise in past 6 months, able to participate in exercise program, insufficient vitamin D, no other psychiatric conditions or alcohol/drug addiction, not taking antidepressant or vitamin D supplement",none,vitamin D,migraine,48,placebo,,,,4,12,8,Beck Depression Inventory,12,19.91,6.96,12,20.5,6.11,,27.25,100,findings suggest that the concomitant use of reg­ ular aerobic exercise and vitamin D supplementation could provoke a synergistic effect among associated mechanisms of both interventions leading to additional psycho-cognitive health benefits in men migraine patients with insufficient vitamin D status.,not reported,low,some concerns,high,low,some concerns,low,low,high,,gain scores,0.59,3.11476101,,,,,,,,,,
Hamedifard/2020/Iran,The effects of combined Magnesium and zinc supplementation on metabolic status in patients with type 2 diabetes mellitus and coronary heart disease,Randomized Control Trial,yes,depression,female patients with T2DM and 2-3 vessel CHD,,"magnesium: 1.94 mg/dL, zinc: 98.1 ug/dL","magnesium: 0.21 mg/dL, zinc: 22.5 ug/dL","magnesium: 2.08 mg/dL, zinc: 116.5 ug/dL","magnesium: 0.22 mg/dL, zinc: 21.5 ug/dL","T2DM aged 40-95yo with 2-3 vessel CHD not taking supplements, with no renal/hepatic failure, recent history of acute MI or cardiac surgery, no thyroid disease",none,,"type 2 diabetes, CAD",60,"magnesium, zinc","150 mg, 150 mg",daily,"150 mg, 150 mg",2,30,12,Beck Depression Inventory,27,21.7,4.7,27,19.6,4.9,,61.7,0,"magnesium and zinc significantly reduced the Beck Depression Inventory index (BDI) (β − 1.66; 95% CI, − 3.32, − 0.009; P = 0.04) and Beck Anxiety Inventory (BAI) (β − 1.30; 95% CI, − 2.43, − 0.16; P = 0.02) when compared with the placebo.",none,low,some concerns,low,low,low,low,low,low,,OLS,-1.66,5.244362052,0.821438243,11,,,,0,0,,,
Hamedifard/2020/Iran,The effects of combined Magnesium and zinc supplementation on metabolic status in patients with type 2 diabetes mellitus and coronary heart disease,Randomized Control Trial,yes,depression,female patients with T2DM and 2-3 vessel CHD,,"magnesium: 1.84 mg/dL, zinc: 93.3 ug/dL","magnesium: 0.22 mg/dL, zinc: 24.8 ug/dL","magnesium: 1.83 mg/dL, zinc: 95.8 ug/dL","magnesium: 0.25 mg/dL, zinc: 25.9 ug/dL","T2DM aged 40-95yo with 2-3 vessel CHD not taking supplements, with no renal/hepatic failure, recent history of acute MI or cardiac surgery, no thyroid disease",none,,"type 2 diabetes, CAD",60,placebo,,daily,,2,30,12,Beck Depression Inventory,28,19.7,5.8,28,19.6,5.7,,62.16,0,"magnesium and zinc significantly reduced the Beck Depression Inventory index (BDI) (β − 1.66; 95% CI, − 3.32, − 0.009; P = 0.04) and Beck Anxiety Inventory (BAI) (β − 1.30; 95% CI, − 2.43, − 0.16; P = 0.02) when compared with the placebo.",none,low,some concerns,low,low,low,low,low,low,,,0,5.244362052,0.821438243,11,,,,0,0,,,
Hamedifard/2020/Iran,The effects of combined Magnesium and zinc supplementation on metabolic status in patients with type 2 diabetes mellitus and coronary heart disease,Randomized Control Trial,yes,anxiety,female patients with T2DM and 2-3 vessel CHD,,"magnesium: 1.94 mg/dL, zinc: 98.1 ug/dL","magnesium: 0.21 mg/dL, zinc: 22.5 ug/dL","magnesium: 2.08 mg/dL, zinc: 116.5 ug/dL","magnesium: 0.22 mg/dL, zinc: 21.5 ug/dL","T2DM aged 40-95yo with 2-3 vessel CHD not taking supplements, with no renal/hepatic failure, recent history of acute MI or cardiac surgery, no thyroid disease",none,,"type 2 diabetes, CAD",60,"magnesium, zinc","150 mg, 150 mg",daily,"150 mg, 150 mg",2,30,12,BAI,27,17,5.3,27,14,5.1,,61.7,0,"magnesium and zinc significantly reduced the Beck Depression Inventory index (BDI) (β − 1.66; 95% CI, − 3.32, − 0.009; P = 0.04) and Beck Anxiety Inventory (BAI) (β − 1.30; 95% CI, − 2.43, − 0.16; P = 0.02) when compared with the placebo.",none,low,some concerns,low,low,low,low,low,low,,OLS,-1.3,4.904372037,0.563172701,11,,,,0,0,,,
Hamedifard/2020/Iran,The effects of combined Magnesium and zinc supplementation on metabolic status in patients with type 2 diabetes mellitus and coronary heart disease,Randomized Control Trial,yes,anxiety,female patients with T2DM and 2-3 vessel CHD,,"magnesium: 1.84 mg/dL, zinc: 93.3 ug/dL","magnesium: 0.22 mg/dL, zinc: 24.8 ug/dL","magnesium: 1.83 mg/dL, zinc: 95.8 ug/dL","magnesium: 0.25 mg/dL, zinc: 25.9 ug/dL","T2DM aged 40-95yo with 2-3 vessel CHD not taking supplements, with no renal/hepatic failure, recent history of acute MI or cardiac surgery, no thyroid disease",none,,"type 2 diabetes, CAD",60,placebo,,daily,,2,30,12,BAI,28,15.7,4.3,28,14.1,4.8,,62.16,0,"magnesium and zinc significantly reduced the Beck Depression Inventory index (BDI) (β − 1.66; 95% CI, − 3.32, − 0.009; P = 0.04) and Beck Anxiety Inventory (BAI) (β − 1.30; 95% CI, − 2.43, − 0.16; P = 0.02) when compared with the placebo.",none,low,some concerns,low,low,low,low,low,low,,,,4.904372037,0.563172701,11,,,,0,0,,,
Nowak/2003/Poland,Effect of zinc supplementation on antidepressant therapy in unipolar depression: a preliminary placebo-controlled study,Randomized Control Trial,yes,depression,patients with depression,,,,,,confirmed diagnosis of MDD and completed 1wk washout from antidepressant therapy,depression,,MDD,20,"zinc, SSRI/TCA","20 mg, various",daily,"20 mg, various",2,6,12,HAM-D,6,24.5,4.28,6,5.17,4.31,,42.2,66.66,"The scores were significantly reduced in both groups over time: F(3,28) = 5.091;p < 0.001 in placebo and F(3,20) = 29.578; p <0.001 in zinc group. The group effect [F(1,48) =4.275; p = 0.049] and time effect [F(3,48) =21.683; p < 0.001] were statistically significant.However, the group × time interaction did notreach significance [F(3,48) = 1.836; NS] Antidepressant therapy reduced the BDI scores at sixth and twelfth week of treatment in zinc- supplemented group (Fig. 2). The scores were not significantly reduced over time, both in placebo group: F(3,28) = 1.641; NS, and in zinc group F(3,20) = 2.687; p = 0.074. The group effect [F(1,48) = 3.486; p = 0.068] lacked a significance, while the time effect [F(3,48) = 4.025; p = 0.012] was statistically significant. However, the group × time interaction was insignificant [F(3,48) = 0.496; NS].",not reported,high,high,some concerns,some concerns,high,some concerns,high,high,reanalysis,OLS,-6.28823,6.499789,3.648407,5,gain scores,-19.3,4.72,,,,,
Nowak/2003/Poland,Effect of zinc supplementation on antidepressant therapy in unipolar depression: a preliminary placebo-controlled study,Randomized Control Trial,yes,depression,patients with depression,,,,,,confirmed diagnosis of MDD and completed 1wk washout from antidepressant therapy,depression,,MDD,20,SSRI/TCA,,daily,,2,8,12,HAM-D,8,22.6,3.93,8,11.2,6.86,,43.4,25,"The scores were significantly reduced in both groups over time: F(3,28) = 5.091;p < 0.001 in placebo and F(3,20) = 29.578; p <0.001 in zinc group. The group effect [F(1,48) =4.275; p = 0.049] and time effect [F(3,48) =21.683; p < 0.001] were statistically significant.However, the group × time interaction did notreach significance [F(3,48) = 1.836; NS] Antidepressant therapy reduced the BDI scores at sixth and twelfth week of treatment in zinc- supplemented group (Fig. 2). The scores were not significantly reduced over time, both in placebo group: F(3,28) = 1.641; NS, and in zinc group F(3,20) = 2.687; p = 0.074. The group effect [F(1,48) = 3.486; p = 0.068] lacked a significance, while the time effect [F(3,48) = 4.025; p = 0.012] was statistically significant. However, the group × time interaction was insignificant [F(3,48) = 0.496; NS].",not reported,high,high,some concerns,some concerns,high,some concerns,high,high,reanalysis,,0,6.499789,,5,gain scores,-11.4,9.1,,,,,
Nowak/2003/Poland,Effect of zinc supplementation on antidepressant therapy in unipolar depression: a preliminary placebo-controlled study,Randomized Control Trial,yes,depression,patients with depression,,,,,,confirmed diagnosis of MDD and completed 1wk washout from antidepressant therapy,depression,,MDD,20,"zinc, SSRI/TCA","20 mg, various",daily,"20 mg, various",2,6,12,Beck Depression Inventory,6,32,5.44,6,16.2,12.7,,42.2,66.66,"The scores were significantly reduced in both groups over time: F(3,28) = 5.091;p < 0.001 in placebo and F(3,20) = 29.578; p <0.001 in zinc group. The group effect [F(1,48) =4.275; p = 0.049] and time effect [F(3,48) =21.683; p < 0.001] were statistically significant.However, the group × time interaction did notreach significance [F(3,48) = 1.836; NS] Antidepressant therapy reduced the BDI scores at sixth and twelfth week of treatment in zinc- supplemented group (Fig. 2). The scores were not significantly reduced over time, both in placebo group: F(3,28) = 1.641; NS, and in zinc group F(3,20) = 2.687; p = 0.074. The group effect [F(1,48) = 3.486; p = 0.068] lacked a significance, while the time effect [F(3,48) = 4.025; p = 0.012] was statistically significant. However, the group × time interaction was insignificant [F(3,48) = 0.496; NS].",not reported,high,high,some concerns,some concerns,high,some concerns,high,high,reanalysis,OLS,-10.88166,12.79852,7.266285,5,gain scores,-15.8,9.54,,,,,
Nowak/2003/Poland,Effect of zinc supplementation on antidepressant therapy in unipolar depression: a preliminary placebo-controlled study,Randomized Control Trial,yes,depression,patients with depression,,,,,,confirmed diagnosis of MDD and completed 1wk washout from antidepressant therapy,depression,,MDD,20,SSRI/TCA,,daily,,2,8,12,Beck Depression Inventory,8,33.3,5.68,8,27.1,11.4,,43.4,25,"The scores were significantly reduced in both groups over time: F(3,28) = 5.091;p < 0.001 in placebo and F(3,20) = 29.578; p <0.001 in zinc group. The group effect [F(1,48) =4.275; p = 0.049] and time effect [F(3,48) =21.683; p < 0.001] were statistically significant.However, the group × time interaction did notreach significance [F(3,48) = 1.836; NS] Antidepressant therapy reduced the BDI scores at sixth and twelfth week of treatment in zinc- supplemented group (Fig. 2). The scores were not significantly reduced over time, both in placebo group: F(3,28) = 1.641; NS, and in zinc group F(3,20) = 2.687; p = 0.074. The group effect [F(1,48) = 3.486; p = 0.068] lacked a significance, while the time effect [F(3,48) = 4.025; p = 0.012] was statistically significant. However, the group × time interaction was insignificant [F(3,48) = 0.496; NS].",not reported,high,high,some concerns,some concerns,high,some concerns,high,high,reanalysis,,0,12.79852,,5,gain scores,-6.12,12.3,,,,,
Siahbazi/2017/Iran,Effect of zinc sulfate supplementation on premenstrual syndrome and health-related quality of life: Clinical randomized controlled trial,Randomized Controlled Trial,yes,depression,Women aged 20–35 with premenstrual syndrome (PMS),,,,,,"Included PMS ≥4/6 cycles, BMI 19.8–26; excluded psychiatric/chronic illness",none,,PMS,130,zinc,50 mg elemental zinc (220 mg zinc sulfate),Daily,50 mg,2,71,12,SF-12 MCS,71,-39.17,5.13,65,-46.16,6.22,,22.4,0,Improved MCS with zinc vs placebo,None reported,some concerns,some concerns,low,low,low,low,low,some concerns,,,,,,,,,,,,,,
Siahbazi/2017/Iran,Effect of zinc sulfate supplementation on premenstrual syndrome and health-related quality of life: Clinical randomized controlled trial,Randomized Controlled Trial,yes,depression,Women aged 20–35 with premenstrual syndrome (PMS),,,,,,"Included PMS ≥4/6 cycles, BMI 19.8–26; excluded psychiatric/chronic illness",none,,PMS,130,placebo,,Daily,,2,71,12,SF-12 MCS,71,-40.63,3.08,65,-42.67,6.62,,22.6,0,Minimal change in MCS in placebo,None reported,some concerns,some concerns,low,low,low,low,low,some concerns,,,,,,,,,,,,,,
Siahbazi/2017/Iran,Effect of zinc sulfate supplementation on premenstrual syndrome and health-related quality of life: Clinical randomized controlled trial,Randomized Controlled Trial,yes,mood symptoms,Women aged 20–35 with premenstrual syndrome (PMS),,,,,,"Included PMS ≥4/6 cycles, BMI 19.8–26; excluded psychiatric/chronic illness",none,,PMS,130,zinc,50 mg elemental zinc (220 mg zinc sulfate),Daily,50 mg,2,71,12,Prevalence of Moderate-Severe PMS,71,0.169,0.140439,65,0.026,0.025324,,22.4,0,Marked reduction in moderate–severe PMS prevalence,Zinc well tolerated,some concerns,some concerns,low,low,low,low,low,some concerns,prevalence,unusable,,,,,,,,0,0,,,
Siahbazi/2017/Iran,Effect of zinc sulfate supplementation on premenstrual syndrome and health-related quality of life: Clinical randomized controlled trial,Randomized Controlled Trial,yes,mood symptoms,Women aged 20–35 with premenstrual syndrome (PMS),,,,,,"Included PMS ≥4/6 cycles, BMI 19.8–26; excluded psychiatric/chronic illness",none,,PMS,130,placebo,,Daily,,2,71,12,Prevalence of Moderate-Severe PMS,71,0.183,0.149511,65,0.135,0.116775,,22.6,0,Small reduction in prevalence with placebo,placebo well tolerated,some concerns,some concerns,low,low,low,low,low,some concerns,prevalence,unusable,,,,,,,,0,0,,,
Jalali-Chimeh/2019/Iran,"Effect of Vitamin D Therapy on Sexual Function in Women with Sexual Dysfunction and Vitamin D Deficiency: A Randomized, Double-Blind, Placebo Controlled Clinical Trial",Randomized Controlled Trial,yes,depression,Women aged 18–45 with vitamin D deficiency and sexual dysfunction,,25(OH)D: 14.9 ng/mL,25(OH)D: 1.4 ng/mL,25(OH)D: 29.3 ng/mL,25(OH)D: 3.2 ng/mL,"Included FSFI <26.55, BDI; excluded psych meds and comorbidities",none,vitamin D,sexual dysfunction,76,vitamin D,300000 IU IM,Every 4 weeks (x2 injections),10714.2857142857 IU,2,38,8,Beck Depression Inventory,38,34.2,13.9,38,12.3,,,34.9,0,Significant reduction in depressive symptoms,None reported,low,low,some concerns,low,low,low,high,low,,gain scores,-21.9,12.4,,,,,,0,0,,,
Jalali-Chimeh/2019/Iran,"Effect of Vitamin D Therapy on Sexual Function in Women with Sexual Dysfunction and Vitamin D Deficiency: A Randomized, Double-Blind, Placebo Controlled Clinical Trial",Randomized Controlled Trial,yes,depression,Women aged 18–45 with vitamin D deficiency and sexual dysfunction,,25(OH)D: 14.2 ng/mL,25(OH)D: 1.6 ng/mL,25(OH)D: 12.7 ng/mL,25(OH)D: 2.5 ng/mL,"Included FSFI <26.55, BDI; excluded psych meds and comorbidities",none,vitamin D,sexual dysfunction,76,placebo,,Every 4 weeks (x2 injections),,2,41,8,Beck Depression Inventory,38,30.4,9.9,38,27.7,,,35.9,0,Minimal change in depressive symptoms,None reported,low,low,some concerns,low,low,low,high,low,,gain scores,-2.7,9.7,,,,,,0,0,,,
Bagheri/2022/Iran,The effect of vitamin D supplementation on tobacco-related disorders in individuals with a tobacco use disorder: a randomized clinical trial,Randomized Controlled Trial,yes,depression,Adults aged 17–60 with tobacco use,,25(OH)D: 23.3 ng/mL,25(OH)D: 10.5 ng/mL,25(OH)D: 25.6 ng/mL,25(OH)D: 11.8 ng/mL,"Included tobacco use disorder; excluded metabolic, neurological, psychiatric disorders",none,,tobacco use disorder,60,vitamin D,50000 IU,Every 2 weeks,3571.4285714286 IU,2,30,24,Beck Depression Inventory,24,25.8,10.2,24,23,10.7,,35.4,,Reduction in anxiety symptoms,None reported,low,low,low,low,high,low,low,some concerns,,OLS,-2.06,10.65879918,0.882633453,3,,,,0,0,,,
Bagheri/2022/Iran,The effect of vitamin D supplementation on tobacco-related disorders in individuals with a tobacco use disorder: a randomized clinical trial,Randomized Controlled Trial,yes,depression,Adults aged 17–60 with tobacco use,,25(OH)D: 24.5 ng/mL,25(OH)D: 11.3 ng/mL,25(OH)D: 23.7 ng/mL,25(OH)D: 10.1 ng/mL,"Included tobacco use disorder; excluded metabolic, neurological, psychiatric disorders",none,,tobacco use disorder,60,placebo,,Every 2 weeks,,2,30,24,Beck Depression Inventory,22,26.4,11.7,22,25.6,11.5,,34.9,,Minimal improvement in anxiety,None reported,low,low,low,low,high,low,low,some concerns,,,0,10.65879918,0.882633453,3,,,,0,0,,,
Bagheri/2022/Iran,The effect of vitamin D supplementation on tobacco-related disorders in individuals with a tobacco use disorder: a randomized clinical trial,Randomized Controlled Trial,yes,anxiety,Adults aged 17–60 with tobacco use,,25(OH)D: 23.3 ng/mL,25(OH)D: 10.5 ng/mL,25(OH)D: 25.6 ng/mL,25(OH)D: 11.8 ng/mL,"Included tobacco use disorder; excluded metabolic, neurological, psychiatric disorders",none,,tobacco use disorder,60,vitamin D,50000 IU,Every 2 weeks,3571.4285714286 IU,2,30,24,BAI,24,19.6,10.2,24,18.1,9.7,,35.4,,Reduction in anxiety symptoms,None reported,low,low,low,low,high,low,low,some concerns,,OLS,-1.24,5.212888885,0.691726779,3,,,,0,0,,,
Bagheri/2022/Iran,The effect of vitamin D supplementation on tobacco-related disorders in individuals with a tobacco use disorder: a randomized clinical trial,Randomized Controlled Trial,yes,anxiety,Adults aged 17–60 with tobacco use,,25(OH)D: 24.5 ng/mL,25(OH)D: 11.3 ng/mL,25(OH)D: 23.7 ng/mL,25(OH)D: 10.1 ng/mL,"Included tobacco use disorder; excluded metabolic, neurological, psychiatric disorders",none,,tobacco use disorder,60,placebo,,Every 2 weeks,,2,30,24,BAI,22,22,9.3,22,21.5,8.5,,34.9,,Minimal improvement in anxiety,None reported,low,low,low,low,high,low,low,some concerns,,,0,5.212888885,0.691726779,3,,,,0,0,,,
Zheng/2019/Australia-China,Effect of Vitamin D Supplementation on Depressive Symptoms in Patients With Knee Osteoarthritis,Randomized Controlled Trial,yes,depression,Adults aged 50–79 with knee osteoarthritis and vitamin D deficiency,,25(OH)D: 43.7 nmol/L,25(OH)D: 11.8 nmol/L,25(OH)D: 84.5 nmol/L,25(OH)D: 17.3 nmol/L,"Included Vit D 12.5–60 nmol/L, symptomatic OA (ACR), PHQ-9 <5",none,vitamin D,osteoarthritis,413,vitamin D,50000 IU ,Monthly,1642.7104722793 IU,2,209,104,PHQ-9,209,3.4,4.1,209,2.9,3.4,,63.5,47.3,"Minimal worsening in PHQ-9, no baseline depression","Adverse events: hyperparathyroidism (1), renal stone (1), hospitalizations (3)",low,low,low,low,low,low,low,low,,LMM,-0.66,5.16926458,0.282332568,".2,4",gain scores,-0.45,2.823263966,0.023923445,5,,,
Zheng/2019/Australia-China,Effect of Vitamin D Supplementation on Depressive Symptoms in Patients With Knee Osteoarthritis,Randomized Controlled Trial,yes,depression,Adults aged 50–79 with knee osteoarthritis and vitamin D deficiency,,25(OH)D: 43.8 nmol/L,25(OH)D: 12.7 nmol/L,25(OH)D: 50.6 nmol/L,25(OH)D: 17.5 nmol/L,"Included Vit D 12.5–60 nmol/L, symptomatic OA (ACR), PHQ-9 <5",none,vitamin D,osteoarthritis,413,placebo,,Monthly,,2,204,102,PHQ-9,204,3,4,204,3.2,3.8,,62.9,50,"Minimal worsening in PHQ-9, no baseline depression","Adverse events: renal stone (1), hypercalcemia (2)",low,low,low,low,low,low,low,low,,,0,5.16926458,0.282332568,".2,4",gain scores,0.21,2.897544316,0.014705882,3,,,
Choukri/2018/New Zealand,Effect of vitamin D supplementation on depressive symptoms and psychological wellbeing in healthy adult women: a double-blind randomised controlled clinical trial,Randomized Controlled Trial,yes,depression,"Healthy women aged 18–40, not pregnant or breastfeeding",,25(OH)D: 77.7 nmol/L,25(OH)D: 26.1 nmol/L,25(OH)D: 84.5 nmol/L,25(OH)D: 22.7 nmol/L,"Included women aged 18–40, no Vit D supplementation, excluded medical conditions",none,,,152,vitamin D,50000 IU ,Monthly,1642.7104722793 IU,2,76,26,CES-D,76,13.1,7.9,76,Mesdaghinia/2023/Iran,10.1,,24.4,0,No significant effect on depressive symptoms (p = 0.339),Not reported,some concerns,low,low,low,low,low,some concerns,low,,OLS,-1.41,8.347055369,1.474597222,8,,,,,,,,
Choukri/2018/New Zealand,Effect of vitamin D supplementation on depressive symptoms and psychological wellbeing in healthy adult women: a double-blind randomised controlled clinical trial,Randomized Controlled Trial,yes,depression,"Healthy women aged 18–40, not pregnant or breastfeeding",,25(OH)D: 74.0 nmol/L,25(OH)D: 26.1 nmol/L,25(OH)D: 49.2 nmol/L,25(OH)D: 28.1 nmol/L,"Included women aged 18–40, no Vit D supplementation, excluded medical conditions",none,,,152,placebo,,Monthly,,2,76,26,CES-D,74,12.7,8.9,74,13.9,9.9,,23.9,0,No significant difference in CES-D vs intervention,Not reported,some concerns,low,low,low,low,low,some concerns,low,,,0,8.347055369,1.474597222,8,,,,,,,,
Choukri/2018/New Zealand,Effect of vitamin D supplementation on depressive symptoms and psychological wellbeing in healthy adult women: a double-blind randomised controlled clinical trial,Randomized Controlled Trial,yes,anxiety,"Healthy women aged 18–40, not pregnant or breastfeeding",,25(OH)D: 77.7 nmol/L,25(OH)D: 26.1 nmol/L,25(OH)D: 84.5 nmol/L,25(OH)D: 22.7 nmol/L,"Included women aged 18–40, no Vit D supplementation, excluded medical conditions",none,,,152,vitamin D,50000 IU ,Monthly,1642.7104722793 IU,2,76,26,HADS-A,76,13,3,76,13.4,3,,24.4,0,No effect on anxiety (p = 0.862),Not reported,some concerns,low,low,low,low,low,some concerns,low,,OLS,0.16,3.720301285,0.397104226,8,,,,,,,,
Choukri/2018/New Zealand,Effect of vitamin D supplementation on depressive symptoms and psychological wellbeing in healthy adult women: a double-blind randomised controlled clinical trial,Randomized Controlled Trial,yes,anxiety,"Healthy women aged 18–40, not pregnant or breastfeeding",,25(OH)D: 74.0 nmol/L,25(OH)D: 26.1 nmol/L,25(OH)D: 49.2 nmol/L,25(OH)D: 28.1 nmol/L,"Included women aged 18–40, no Vit D supplementation, excluded medical conditions",none,,,152,placebo,,Monthly,,2,76,26,HADS-A,74,13.2,2.9,74,13.2,2.9,,23.9,0,No change in anxiety scores over time,Not reported,some concerns,low,low,low,low,low,some concerns,low,,,0,3.720301285,0.397104226,8,,,,,,,,
Rahman/2023/Australia,Effect of vitamin D supplementation on depression in older Australian adults,Randomized Controlled Trial,yes,depression,"Community-dwelling older adults, no psychiatric diagnosis",,,,25(OH)D: 115 nmol/L,25(OH)D: 30 nmol/L,"Excluded hypercalcemia, kidney stones, sarcoidosis, >500 IU Vit D daily",none,,elderly,21315,vitamin D,60000 IU,Monthly,1967.2131147541 IU,2,10662,260,PHQ-9,10662,,,9226,2.7,3.73,,69,54,No benefit on depression in large RCT,"Adverse events: hypercalcemia 0.7%, kidney stones 1.5%",low,low,low,low,low,low,low,low,,LMM,0.06,3.702458682,0.056119771,".2,3",,,,0.0154,142,,,
Rahman/2023/Australia,Effect of vitamin D supplementation on depression in older Australian adults,Randomized Controlled Trial,yes,depression,"Community-dwelling older adults, no psychiatric diagnosis",,,,25(OH)D: 77 nmol/L,25(OH)D: 25 nmol/L,"Excluded hypercalcemia, kidney stones, sarcoidosis, >500 IU Vit D daily",none,,elderly,21315,placebo,,Monthly,,2,10653,260,PHQ-9,10653,,,9096,2.63,3.68,,69,54,No benefit on depression in large RCT,"Adverse events: hypercalcemia 0.7%, kidney stones 1.5%",low,low,low,low,low,low,low,low,,,0,3.702458682,0.056119771,".2,3",,,,0.0162,147,,,
Alavi/2019/Iran,Effect of vitamin D supplementation on depression in elderly patients: A randomized clinical trial,Randomized Controlled Trial,yes,depression,"Adults aged ≥60 receiving depression treatment, Farsi-speaking, GDS >5",,25(OH)D: 22.57 ng/mL,25(OH)D: 6.2 ng/mL,25(OH)D: 43.48 ng/mL,25(OH)D: 9.5 ng/mL,"Included older adults ≥60, moderate/severe depression, Vit D deficient; excluded other mental illness/disability",depression,vitamin D,elderly,78,vitamin D,50000 IU,Weekly,7142.8571428571 IU,2,39,8,GDS-15,39,9.25,2.4,39,7.48,1.66,,68.7,51.3,Significant improvement in depression scores (p = 0.0001),None reported,low,low,low,low,low,some concerns,low,low,,OLS,0.696,2.642308194,0.047,8,gain scores,-1.76,1.28,0,,,,
Alavi/2019/Iran,Effect of vitamin D supplementation on depression in elderly patients: A randomized clinical trial,Randomized Controlled Trial,yes,depression,"Adults aged ≥60 receiving depression treatment, Farsi-speaking, GDS >5",,25(OH)D: 21.2 ng/mL,25(OH)D: 5.8 ng/mL,25(OH)D: 25.9 ng/mL,25(OH)D: 15.3 ng/mL,"Included older adults ≥60, moderate/severe depression, Vit D deficient; excluded other mental illness/disability",depression,vitamin D,elderly,78,placebo,,Weekly,,2,39,8,GDS-15,39,8.9,2.3,39,9,2.1,,67,48.7,No significant change vs intervention,None reported,low,low,low,low,low,some concerns,low,low,,,0,2.642308194,0.047,8,gain scores,0.027,0.95,0,,,,
Fazelian/2019/Iran,Effect of Vitamin D Supplement on Mood Status and Inflammation in Vitamin D Deficient Type 2 Diabetic Women with Anxiety: A Randomized Clinical Trial,Randomized Controlled Trial,yes,depression,Women with type 2 diabetes mellitus and anxiety,,25(OH)D: 21.32 ng/mL,25(OH)D: 5.85 ng/mL,25(OH)D: 29.11 ng/mL,25(OH)D: 11.70 ng/mL,"Included T2DM with anxiety (DASS-21), Vit D 10–30 ng/mL",anxiety,vitamin D,T2DM,64,vitamin D,50000 IU,Every 2 weeks,3571.4285714286 IU,2,33,16,"DASS-21, depression",26,11.88,4.84,26,9.88,3.88,,48.5,0,"Within-group depression improved, no between-group difference",Not reported,low,low,low,low,low,low,low,low,,gain scores,-2,4.38,,,,,,,,,,
Fazelian/2019/Iran,Effect of Vitamin D Supplement on Mood Status and Inflammation in Vitamin D Deficient Type 2 Diabetic Women with Anxiety: A Randomized Clinical Trial,Randomized Controlled Trial,yes,depression,Women with type 2 diabetes mellitus and anxiety,,25(OH)D: 20.73 ng/mL,25(OH)D: 6.47 ng/mL,25(OH)D: 22.4 ng/mL,25(OH)D: 11.36 ng/mL,"Included T2DM with anxiety (DASS-21), Vit D 10–30 ng/mL",anxiety,vitamin D,T2DM,64,placebo,,Every 2 weeks,,2,31,16,"DASS-21, depression",25,10.44,5.09,25,11.08,5.28,,46.3,0,No significant difference vs vitamin D,Not reported,low,low,low,low,low,low,low,low,,gain scores,-1.36,4.07,,,,,,,,,,
Fazelian/2019/Iran,Effect of Vitamin D Supplement on Mood Status and Inflammation in Vitamin D Deficient Type 2 Diabetic Women with Anxiety: A Randomized Clinical Trial,Randomized Controlled Trial,yes,anxiety,Women with type 2 diabetes mellitus and anxiety,,25(OH)D: 21.32 ng/mL,25(OH)D: 5.85 ng/mL,25(OH)D: 29.11 ng/mL,25(OH)D: 11.70 ng/mL,"Included T2DM with anxiety (DASS-21), Vit D 10–30 ng/mL",anxiety,vitamin D,T2DM,64,vitamin D,50000 IU,Every 2 weeks,3571.4285714286 IU,2,33,16,"DASS-21, anxiety",26,12.31,4.26,26,9.15,4.54,,48.5,0,Significant reduction in anxiety vs placebo,Not reported,low,low,low,low,low,low,low,low,,gain scores,-3.15,4.65,,,,,,,,,,
Fazelian/2019/Iran,Effect of Vitamin D Supplement on Mood Status and Inflammation in Vitamin D Deficient Type 2 Diabetic Women with Anxiety: A Randomized Clinical Trial,Randomized Controlled Trial,yes,anxiety,Women with type 2 diabetes mellitus and anxiety,,25(OH)D: 20.73 ng/mL,25(OH)D: 6.47 ng/mL,25(OH)D: 22.4 ng/mL,25(OH)D: 11.36 ng/mL,"Included T2DM with anxiety (DASS-21), Vit D 10–30 ng/mL",anxiety,vitamin D,T2DM,64,placebo,,Every 2 weeks,,2,31,16,"DASS-21, anxiety",25,10.44,5.05,25,13.28,4.61,,46.3,0,Anxiety worsened in placebo,Not reported,low,low,low,low,low,low,low,low,,gain scores,1.64,4.75,,,,,,,,,,
Kjaergaard/2012/Norway,Effect of vitamin D supplement on depression scores in people with low levels of serum 25-hydroxyvitamin D: nested case-control study and randomised clinical trial,Randomized Controlled Trial,yes,depression,Adults aged 30–75 with low vitamin D (<55 nmol/L),,25(OH)D: 47.4 nmol/L,25(OH)D: 15.8 nmol/L,25(OH)D: 147.7 nmol/L,25(OH)D: 29.2 nmol/L,"Included Vit D <55 nmol/L; excluded supplement use, psych meds, severe depression",none,vitamin D,,243,vitamin D,40000 IU,Weekly,5714.2857142857 IU,2,122,24,BDI-II,120,9.75,12.098011,120,10.25,13.6590444,,53.4,45,No significant change in BDI vs placebo,Not significantly different vs placebo,low,low,low,low,low,low,low,low,,gain scores,-0.84,5.66,,,,,,,,>=,67,
Kjaergaard/2012/Norway,Effect of vitamin D supplement on depression scores in people with low levels of serum 25-hydroxyvitamin D: nested case-control study and randomised clinical trial,Randomized Controlled Trial,yes,depression,Adults aged 30–75 with low vitamin D (<55 nmol/L),,25(OH)D: 47.7 nmol/L,25(OH)D: 15.5 nmol/L,25(OH)D: 52.5 nmol/L,25(OH)D: 16.1 nmol/L,"Included Vit D <55 nmol/L; excluded supplement use, psych meds, severe depression",none,vitamin D,,243,placebo,,Weekly,,2,121,24,BDI-II,110,14.25,19.351456,110,9.75,13.8224688,,53.3,43,No significant change in BDI vs vitamin D,Not significantly different vs vitamin D,low,low,low,low,low,low,low,low,,gain scores,-0.9,4.9,,,,,,,,>=,61,
Kjaergaard/2012/Norway,Effect of vitamin D supplement on depression scores in people with low levels of serum 25-hydroxyvitamin D: nested case-control study and randomised clinical trial,Randomized Controlled Trial,yes,anxiety,Adults aged 30–75 with low vitamin D (<55 nmol/L),,25(OH)D: 47.4 nmol/L,25(OH)D: 15.8 nmol/L,25(OH)D: 147.7 nmol/L,25(OH)D: 29.2 nmol/L,"Included Vit D <55 nmol/L; excluded supplement use, psych meds, severe depression",none,vitamin D,,243,vitamin D,40000 IU,Weekly,5714.2857142857 IU,2,122,24,HADS-A,120,5.5,6.2441346,120,4.5,4.68310095,,53.4,45,No significant change in anxiety vs placebo,Not significantly different vs placebo,low,low,low,low,low,low,low,low,,gain scores,-0.25,2.41,,,,,,,,>=,67,
Kjaergaard/2012/Norway,Effect of vitamin D supplement on depression scores in people with low levels of serum 25-hydroxyvitamin D: nested case-control study and randomised clinical trial,Randomized Controlled Trial,yes,anxiety,Adults aged 30–75 with low vitamin D (<55 nmol/L),,25(OH)D: 47.7 nmol/L,25(OH)D: 15.5 nmol/L,25(OH)D: 52.5 nmol/L,25(OH)D: 16.1 nmol/L,"Included Vit D <55 nmol/L; excluded supplement use, psych meds, severe depression",none,vitamin D,,243,placebo,,Weekly,,2,121,24,HADS-A,110,5.25,5.9239152,110,4.75,5.9239152,,53.3,42.73,No significant change in anxiety vs vit D,Not significantly different vs vit D,low,low,low,low,low,low,low,low,,gain scores,0.07,2.47,,,,,,,,>=,61,
Kjaergaard/2012/Norway,Effect of vitamin D supplement on depression scores in people with low levels of serum 25-hydroxyvitamin D: nested case-control study and randomised clinical trial,Randomized Controlled Trial,yes,depression,Adults aged 30–75 with low vitamin D (<55 nmol/L),,25(OH)D: 47.4 nmol/L,25(OH)D: 15.8 nmol/L,25(OH)D: 147.7 nmol/L,25(OH)D: 29.2 nmol/L,"Included Vit D <55 nmol/L; excluded supplement use, psych meds, severe depression",none,vitamin D,,243,vitamin D,40000 IU,Weekly,5714.2857142857 IU,2,122,24,HADS-D,120,3,3.9025841,120,2.5,3.1220673,,53.4,45,No significant effect on depressive symptoms (HADS),Not significantly different vs placebo,low,low,low,low,low,low,low,low,,gain scores,-0.33,2.05,,,,,,,,>=,67,
Kjaergaard/2012/Norway,Effect of vitamin D supplement on depression scores in people with low levels of serum 25-hydroxyvitamin D: nested case-control study and randomised clinical trial,Randomized Controlled Trial,yes,depression,Adults aged 30–75 with low vitamin D (<55 nmol/L),,25(OH)D: 47.7 nmol/L,25(OH)D: 15.5 nmol/L,25(OH)D: 52.5 nmol/L,25(OH)D: 16.1 nmol/L,"Included Vit D <55 nmol/L; excluded supplement use, psych meds, severe depression",none,vitamin D,,243,placebo,,Weekly,,2,121,24,HADS-D,110,3.5,4.7391322,110,5.25,7.50362591,,53.3,42.73,No significant change in depressive symptoms (HADS),Not significantly different vs vit D,low,low,low,low,low,low,low,low,,gain scores,-0.09,1.82,,,,,,,,>=,61,
Kjaergaard/2012/Norway,Effect of vitamin D supplement on depression scores in people with low levels of serum 25-hydroxyvitamin D: nested case-control study and randomised clinical trial,Randomized Controlled Trial,yes,depression,Adults aged 30–75 with low vitamin D (<55 nmol/L),,25(OH)D: 47.4 nmol/L,25(OH)D: 15.8 nmol/L,25(OH)D: 147.7 nmol/L,25(OH)D: 29.2 nmol/L,"Included Vit D <55 nmol/L; excluded supplement use, psych meds, severe depression",none,vitamin D,,243,vitamin D,40000 IU,Weekly,5714.2857142857 IU,2,122,24,MADRS,120,7.5,10.146719,120,4.75,5.85387619,,53.4,45,No significant change in MADRS vs placebo,Not significantly different vs placebo,low,low,low,low,low,low,low,low,,gain scores,-1.35,5.22,,,,,,,,>=,67,
Kjaergaard/2012/Norway,Effect of vitamin D supplement on depression scores in people with low levels of serum 25-hydroxyvitamin D: nested case-control study and randomised clinical trial,Randomized Controlled Trial,yes,depression,Adults aged 30–75 with low vitamin D (<55 nmol/L),,25(OH)D: 47.7 nmol/L,25(OH)D: 15.5 nmol/L,25(OH)D: 52.5 nmol/L,25(OH)D: 16.1 nmol/L,"Included Vit D <55 nmol/L; excluded supplement use, psych meds, severe depression",none,vitamin D,,243,placebo,,Weekly,,2,121,24,MADRS,110,7.25,9.873192,110,7.5,11.057975,,53.3,42.73,No significant change in MADRS vs vit D,Not significantly different vs vit D,low,low,low,low,low,low,low,low,,gain scores,-1.57,4.66,,,,,,,,>=,61,
Dabbaghmanesh/2019/Iran,"The Effect of Vitamin D Consumption During Pregnancy on Maternal Thyroid Function and Depression: A Randomized, Placebo-Controlled, Clinical Trial",Randomized Controlled Trial,yes,depression,"Pregnant women aged ≥18, no medical/psychiatric history, gestational weeks 26–28",,25(OH)D: 11.94 ng/mL,25(OH)D: 5.47 ng/mL,25(OH)D: 18.43 ng/mL,25(OH)D: 10.22 ng/mL,"Included EPDS ≤13, no Vit D supplementation >8 weeks, no gestational complications",none,vitamin D,,98,vitamin D,2000 IU,daily,2000 IU,2,46,10,EPDS,46,8.52,3.61,46,4.48,3.3,,26.04,0,Significant reduction in postnatal depression scores compared to placebo,none reported,high,high,high,high,high,some concerns,low,high,,,,,,,,,,,,,,
Dabbaghmanesh/2019/Iran,"The Effect of Vitamin D Consumption During Pregnancy on Maternal Thyroid Function and Depression: A Randomized, Placebo-Controlled, Clinical Trial",Randomized Controlled Trial,yes,depression,"Pregnant women aged ≥18, no medical/psychiatric history, gestational weeks 26–28",,25(OH)D: 13.34 ng/mL,25(OH)D: 8.82 ng/mL,25(OH)D: 13.11 ng/mL,25(OH)D: 6.26 ng/mL,"Included EPDS ≤13, no Vit D supplementation >8 weeks, no gestational complications",none,vitamin D,,98,placebo,,daily,,2,52,10,EPDS,52,8,3.69,52,7.07,4.52,,26.61,0,Smaller improvement in depression symptoms vs. vitamin D group,none reported,high,high,high,high,high,some concerns,low,high,,,,,,,,,,,,,,
Amini/2022/Iran,"The effect of vitamin D and calcium supplementation on inflammatory biomarkers, estradiol levels and severity of symptoms in women with postpartum depression: a randomized double-blind clinical trial",Randomized Controlled Trial,yes,depression,Women aged 18–45 with postpartum depression (EPDS >12) and vitamin D deficiency,,25(OH)D: 37.317 nmol/L,25(OH)D: 14.15721449 nmol/L,25(OH)D: 51.387 nmol/L,25(OH)D: 18.28280719 nmol/L,"Included EPDS >12, PPD 1–6 months, BMI <35; excluded recent Vit D/calcium, mental/endocrine disorders",depression,vitamin D,post-partum depression,81,"vitamin D, calcium",50000 IU Vit D + 500 mg calcium,"q14 days, daily","3571.4285714286 IU, 500 mg",3,27,8,EPDS,26,17.41,4.1,26,15.7,5.15,,26.88,0,"Modest improvement in depression, less than Vit D alone",none,low,low,low,low,low,some concerns,low,low,,gain scores,-1.7,3.44,,,,,,0,0,,,
Amini/2022/Iran,"The effect of vitamin D and calcium supplementation on inflammatory biomarkers, estradiol levels and severity of symptoms in women with postpartum depression: a randomized double-blind clinical trial",Randomized Controlled Trial,yes,depression,Women aged 18–45 with postpartum depression (EPDS >12) and vitamin D deficiency,,25(OH)D: 39.820 nmol/L,25(OH)D: 12.3532481 nmol/L,25(OH)D: 58.037 nmol/L,25(OH)D: 20.18873689 nmol/L,"Included EPDS >12, PPD 1–6 months, BMI <35; excluded recent Vit D/calcium, mental/endocrine disorders",depression,vitamin D,post-partum depression,81,vitamin D,50000 IU Vit D,q 14 days,3571.4285714286 IU,3,27,8,EPDS,26,17.5,3.97,26,13.33,6.38,,29.25,0,Greater improvement in depression vs. other groups,none,low,low,low,low,low,some concerns,low,low,,gain scores,-4.16,5.9,,,,,,0,0,,,
Amini/2022/Iran,"The effect of vitamin D and calcium supplementation on inflammatory biomarkers, estradiol levels and severity of symptoms in women with postpartum depression: a randomized double-blind clinical trial",Randomized Controlled Trial,yes,depression,Women aged 18–45 with postpartum depression (EPDS >12) and vitamin D deficiency,,25(OH)D: 36.730 nmol/L,25(OH)D: 13.12115786 nmol/L,25(OH)D: 42.903 nmol/L,25(OH)D: 14.39781106 nmol/L,"Included EPDS >12, PPD 1–6 months, BMI <35; excluded recent Vit D/calcium, mental/endocrine disorders",depression,vitamin D,post-partum depression,81,placebo,,daily,,3,27,8,EPDS,24,16.43,3.07,24,16.68,5.99,,28.92,0,No meaningful improvement in depression,none,low,low,low,low,low,some concerns,low,low,,gain scores,0.25,2.81,,,,,,0,0,,,
Ghavidel-Parsa/2022/Iran,"Effect of vitamin B6 on pain, disease severity, and psychological profile of fibromyalgia patients; a randomized, double-blinded clinical trial",Randomized Controlled Trial,yes,depression,Women aged ≥18 with fibromyalgia,,,,,,"Included FM per 2016 ACR criteria; excluded <18, pregnancy, breastfeeding, chronic pain or inflammatory comorbidities",none,,fibromyalgia,90,vitamin B6,80 mg,daily,80 mg,2,45,8,HADS-D,31,7.93,3.87,31,7.25,3.87,,44.1,0,Both groups improved in depression and anxiety scores; no statistically significant between-group difference in HADS-depression or other outcomes,none reported,low,low,low,low,high,low,low,high,from ANCOVA,hedge's g,-0.363,0.25174,,,gain scores,-0.67,2.79,,,,,
Ghavidel-Parsa/2022/Iran,"Effect of vitamin B6 on pain, disease severity, and psychological profile of fibromyalgia patients; a randomized, double-blinded clinical trial",Randomized Controlled Trial,yes,depression,Women aged ≥18 with fibromyalgia,,,,,,"Included FM per 2016 ACR criteria; excluded <18, pregnancy, breastfeeding, chronic pain or inflammatory comorbidities",none,,fibromyalgia,90,placebo,,daily,,2,45,8,HADS-D,29,6.53,3.17,29,7.07,3.17,,44.1,0,Both groups improved in depression and anxiety scores; no statistically significant between-group difference in HADS-depression or other outcomes,none reported,low,low,low,low,high,low,low,high,from ANCOVA,hedge's g,0,0.25174,,,gain scores,0.53,2.18,,,,,
Ghavidel-Parsa/2022/Iran,"Effect of vitamin B6 on pain, disease severity, and psychological profile of fibromyalgia patients; a randomized, double-blinded clinical trial",Randomized Controlled Trial,yes,anxiety,Women aged ≥18 with fibromyalgia,,,,,,"Included FM per 2016 ACR criteria; excluded <18, pregnancy, breastfeeding, chronic pain or inflammatory comorbidities",none,,fibromyalgia,90,vitamin B6,80 mg,daily,80 mg,2,45,8,HADS-A,31,10.96,3.97,31,9.25,3.97,,44.1,0,Both groups improved in depression and anxiety scores; no statistically significant between-group difference in HADS-anxiety or other outcomes,none reported,low,low,low,low,high,low,low,high,from ANCOVA,hedge's g,-0.0183,0.255,,,gain scores,-1.7,3.17,,,,,
Ghavidel-Parsa/2022/Iran,"Effect of vitamin B6 on pain, disease severity, and psychological profile of fibromyalgia patients; a randomized, double-blinded clinical trial",Randomized Controlled Trial,yes,anxiety,Women aged ≥18 with fibromyalgia,,,,,,"Included FM per 2016 ACR criteria; excluded <18, pregnancy, breastfeeding, chronic pain or inflammatory comorbidities",none,,fibromyalgia,90,placebo,,daily,,2,45,8,HADS-A,29,9,3.9,29,7.96,3.9,,44.1,0,Both groups improved in depression and anxiety scores; no statistically significant between-group difference in HADS-anxiety or other outcomes,none reported,low,low,low,low,high,low,low,high,from ANCOVA,hedge's g,0,0.255,,,gain scores,-1.03,2.9,,,,,
Balali/2024/Iran,"The effect of selenium supplementation on oxidative stress, clinical and physiological symptoms in patients with migraine: a double-blinded randomized clinical trial",Randomized Controlled Trial,yes,depression,"Patients aged 18–65 with migraine, ≥2 attacks per month",,,,,,"Included migraine per ICHD-3, ≥2 attacks/month; recruited from outpatient neurology clinic",none,,migraine,72,selenium,200 μg selenium methionine,daily,200 ug,2,36,12,"DASS-21, depression",36,13.89,10.13,36,12.23,9.7,,40.83,19.4,No significant effect on depression or migraine duration,Nausea (n=2),low,low,low,low,low,low,low,low,from ANCOVA,OLS,0.25,9.098640924,2.332996558,5,gain scores,-1.66,6.79,0.055555556,2,,,
Balali/2024/Iran,"The effect of selenium supplementation on oxidative stress, clinical and physiological symptoms in patients with migraine: a double-blinded randomized clinical trial",Randomized Controlled Trial,yes,depression,"Patients aged 18–65 with migraine, ≥2 attacks per month",,,,,,"Included migraine per ICHD-3, ≥2 attacks/month; recruited from outpatient neurology clinic",none,,migraine,72,placebo,200 μg starch,daily,,2,36,12,"DASS-21, depression",36,12.08,12.9,36,10.87,10.17,,40.97,19.4,No significant effect on depression or migraine duration,none,low,low,low,low,low,low,low,low,from ANCOVA,,0,9.098640924,2.332996558,5,gain scores,-1.22,10.81,0,0,,,
Balali/2024/Iran,"The effect of selenium supplementation on oxidative stress, clinical and physiological symptoms in patients with migraine: a double-blinded randomized clinical trial",Randomized Controlled Trial,yes,anxiety,"Patients aged 18–65 with migraine, ≥2 attacks per month",,,,,,"Included migraine per ICHD-3, ≥2 attacks/month; recruited from outpatient neurology clinic",none,,migraine,72,selenium,200 μg selenium methionine,daily,200 ug,2,36,12,"DASS-21, anxiety",36,11.39,7.68,36,10.34,7.13,,40.83,19.4,No significant effect on depression or migraine duration,Nausea (n=2),low,low,low,low,low,low,low,low,from ANCOVA,OLS,-0.46,6.826546223,1.348841693,5,gain scores,-1.05,4.92,0.055555556,2,,,
Balali/2024/Iran,"The effect of selenium supplementation on oxidative stress, clinical and physiological symptoms in patients with migraine: a double-blinded randomized clinical trial",Randomized Controlled Trial,yes,anxiety,"Patients aged 18–65 with migraine, ≥2 attacks per month",,,,,,"Included migraine per ICHD-3, ≥2 attacks/month; recruited from outpatient neurology clinic",none,,migraine,72,placebo,200 μg starch,daily,,2,36,12,"DASS-21, anxiety",36,9.06,8.29,36,9.27,8.86,,40.97,19.4,No significant effect on depression or migraine duration,none,low,low,low,low,low,low,low,low,from ANCOVA,,0,6.826546223,1.348841693,5,gain scores,0.21,5.63,0,0,,,
Mesdaghinia/2023/Iran,"The Effect of Selenium Supplementation on Clinical Outcomes, Metabolic Profiles, and Pulsatility Index of the Uterine Artery in High-Risk Mothers in Terms of Preeclampsia Screening with Quadruple Test: a Randomized, Double-Blind, Placebo-Controlled Clinic",Randomized Controlled Trial,yes,depression,"High-risk pregnant women aged 18–40, screened positive via quad test for preeclampsia",,selenium: 59.8 µg/L,selenium: 8.9 µg/L,selenium: 85.6 µg/L,selenium: 12.5 µg/L,Recruited from outpatient gynecology clinic; excluded Se supplement users or relevant comorbidities,none,selenium,pre-eclampsia risk,50,selenium,200 µg Se amino acid chelate,daily,200 ug,2,30,12,Beck Depression Inventory,24,10.91,3.8,24,4.83,1.73,,30.6,0,Significant improvement in depression and anxiety scores with selenium,none,low,low,low,some concerns,low,low,low,low,,OLS,-5.63,3.371201566,0.662526352,15,,,,0,0,,,
Mesdaghinia/2023/Iran,"The Effect of Selenium Supplementation on Clinical Outcomes, Metabolic Profiles, and Pulsatility Index of the Uterine Artery in High-Risk Mothers in Terms of Preeclampsia Screening with Quadruple Test: a Randomized, Double-Blind, Placebo-Controlled Clinic",Randomized Controlled Trial,yes,depression,"High-risk pregnant women aged 18–40, screened positive via quad test for preeclampsia",,selenium: 62.1 µg/L,selenium: 12.4 µg/L,selenium: 65.7 µg/L,selenium: 12.2 µg/L,Recruited from outpatient gynecology clinic; excluded Se supplement users or relevant comorbidities,none,selenium,pre-eclampsia risk,50,placebo,,daily,,2,30,12,Beck Depression Inventory,26,10.07,5.13,26,10,5.15,,30.4,0,No significant improvement with placebo,"GI symptoms, hair loss, memory issues",low,low,low,some concerns,low,low,low,low,,,0,3.371201566,0.662526352,15,,,,0,0,,,
Mesdaghinia/2023/Iran,"The Effect of Selenium Supplementation on Clinical Outcomes, Metabolic Profiles, and Pulsatility Index of the Uterine Artery in High-Risk Mothers in Terms of Preeclampsia Screening with Quadruple Test: a Randomized, Double-Blind, Placebo-Controlled Clinic",Randomized Controlled Trial,yes,anxiety,"High-risk pregnant women aged 18–40, screened positive via quad test for preeclampsia",,selenium: 59.8 µg/L,selenium: 8.9 µg/L,selenium: 85.6 µg/L,selenium: 12.5 µg/L,Recruited from outpatient gynecology clinic; excluded Se supplement users or relevant comorbidities,none,selenium,pre-eclampsia risk,50,selenium,200 µg Se amino acid chelate,daily,200 ug,2,30,12,BAI,24,5.79,2.55,24,3.33,2.14,,30.6,0,Significant improvement in depression and anxiety scores with selenium,none,low,low,low,some concerns,low,low,low,low,,OLS,-1.99,5.31366828,0.28077325,15,,,,0,0,,,
Mesdaghinia/2023/Iran,"The Effect of Selenium Supplementation on Clinical Outcomes, Metabolic Profiles, and Pulsatility Index of the Uterine Artery in High-Risk Mothers in Terms of Preeclampsia Screening with Quadruple Test: a Randomized, Double-Blind, Placebo-Controlled Clinic",Randomized Controlled Trial,yes,anxiety,"High-risk pregnant women aged 18–40, screened positive via quad test for preeclampsia",,selenium: 62.1 µg/L,selenium: 12.4 µg/L,selenium: 65.7 µg/L,selenium: 12.2 µg/L,Recruited from outpatient gynecology clinic; excluded Se supplement users or relevant comorbidities,none,selenium,pre-eclampsia risk,50,placebo,,daily,,2,30,12,BAI,26,8.11,4.05,26,7.23,3.46,,30.4,0,No significant improvement with placebo,"GI symptoms, hair loss, memory issues",low,low,low,some concerns,low,low,low,low,,,0,5.31366828,0.28077325,15,,,,0,0,,,
Adams/1973/UK,Effect of pyridoxine hydrochloride (vitamin B 6 ) upon depression associated with oral contraception,Randomized Controlled Trial,yes,depression,Women on oral contraceptives with BDI ≥23,,,,,,Included women on OCPs with BDI ≥23; excluded prior psychiatric history or major life stressors,depression,,,22,vitamin B6,20 mg,BID,40 mg,2,11,8,Beck Depression Inventory,11,30,7,11,18,12,,24.13,0,"Significant symptom improvement at 6 and 8 weeks compared to placebo, especially in B6-deficient group",Not reported,some concerns,some concerns,low,low,some concerns,low,low,low,,,,,,,,,,,,,,
Adams/1973/UK,Effect of pyridoxine hydrochloride (vitamin B 6 ) upon depression associated with oral contraception,Randomized Controlled Trial,yes,depression,Women on oral contraceptives with BDI ≥23,,,,,,Included women on OCPs with BDI ≥23; excluded prior psychiatric history or major life stressors,depression,,,22,placebo,,BID,,2,11,8,Beck Depression Inventory,11,33,8,11,32,15,,24.13,0,No significant symptom reduction in placebo group during first 8 weeks,Not reported,some concerns,some concerns,low,low,some concerns,low,low,low,,,,,,,,,,,,,,
Rajabi-Naeeni/2021/Iran,Effect of omega-3 and vitamin D co-supplementation on psychological distress in reproductive-aged women with pre-diabetes and hypovitaminosis D: A randomized controlled trial,Randomized Controlled Trial,yes,depression,Women of reproductive age with pre-diabetes and vitamin D deficiency,,25(OH)D: 21.43 ng/mL,25(OH)D: 8 ng/mL,25(OH)D: 29.71 ng/mL,25(OH)D: 12.11 ng/mL,"Included pre-diabetes, Vit D <32 ng/mL, BMI <30; excluded pregnancy/lactation and interfering medications",none,vitamin D,pre-diabetes,168,vitamin D,50000 IU,q2 weeks,3571.4285714286 IU,4,42,8,"DASS-21, depression",42,12.37,10.74,42,10.25,10.16,,39.92,0,Improved depression and anxiety vs placebo,Unknown,low,low,low,low,low,low,low,low,"gain scores given, ANCOVA mentioned but doesn't give individual means",gain scores,-2.11,7.05,,,,,,,,,,
Rajabi-Naeeni/2021/Iran,Effect of omega-3 and vitamin D co-supplementation on psychological distress in reproductive-aged women with pre-diabetes and hypovitaminosis D: A randomized controlled trial,Randomized Controlled Trial,yes,depression,Women of reproductive age with pre-diabetes and vitamin D deficiency,,25(OH)D: 22.03 ng/mL,25(OH)D: 6.92 ng/mL,25(OH)D: 31.71 ng/mL,25(OH)D: 11.51 ng/mL,"Included pre-diabetes, Vit D <32 ng/mL, BMI <30; excluded pregnancy/lactation and interfering medications",none,vitamin D,pre-diabetes,168,"vitamin D, omega-3","50000 IU, 1000 mg"," q2 weeks, BID","3571.4285714286 IU, 2000 mg",4,42,8,"DASS-21, depression",42,16.09,10.42,42,10.37,8.69,,39,0,Improved depression and anxiety vs placebo and monotherapies,Unknown,low,low,low,low,low,low,low,low,,gain scores,-5.71,5.48,,,,,,,,,,
Rajabi-Naeeni/2021/Iran,Effect of omega-3 and vitamin D co-supplementation on psychological distress in reproductive-aged women with pre-diabetes and hypovitaminosis D: A randomized controlled trial,Randomized Controlled Trial,yes,depression,Women of reproductive age with pre-diabetes and vitamin D deficiency,,25(OH)D: 23.56 ng/mL,25(OH)D: 6.42 ng/mL,25(OH)D: 21.17 ng/mL,25(OH)D: 7.40 ng/mL,"Included pre-diabetes, Vit D <32 ng/mL, BMI <30; excluded pregnancy/lactation and interfering medications",none,vitamin D,pre-diabetes,168,omega-3,1000 mg,BID,2000 mg,4,42,8,"DASS-21, depression",42,12.95,9.51,42,10.95,9.12,,39.78,0,Improved depression and anxiety vs placebo,Unknown,low,low,low,low,low,low,low,low,,gain scores,-1.99,5.77,,,,,,,,,,
Rajabi-Naeeni/2021/Iran,Effect of omega-3 and vitamin D co-supplementation on psychological distress in reproductive-aged women with pre-diabetes and hypovitaminosis D: A randomized controlled trial,Randomized Controlled Trial,yes,depression,Women of reproductive age with pre-diabetes and vitamin D deficiency,,25(OH)D: 25.47 ng/mL,25(OH)D: 5.83 ng/mL,25(OH)D: 20.97 ng/mL,25(OH)D: 6.63 ng/mL,"Included pre-diabetes, Vit D <32 ng/mL, BMI <30; excluded pregnancy/lactation and interfering medications",none,vitamin D,pre-diabetes,168,placebo,,BID,,4,42,8,"DASS-21, depression",42,13.32,11.38,42,13.54,11.27,,41.85,0,No improvement in depression or anxiety,Unknown,low,low,low,low,low,low,low,low,,gain scores,0.21,6.11,,,,,,,,,,
Rajabi-Naeeni/2021/Iran,Effect of omega-3 and vitamin D co-supplementation on psychological distress in reproductive-aged women with pre-diabetes and hypovitaminosis D: A randomized controlled trial,Randomized Controlled Trial,yes,anxiety,Women of reproductive age with pre-diabetes and vitamin D deficiency,,25(OH)D: 21.43 ng/mL,25(OH)D: 8 ng/mL,25(OH)D: 29.71 ng/mL,25(OH)D: 12.11 ng/mL,"Included pre-diabetes, Vit D <32 ng/mL, BMI <30; excluded pregnancy/lactation and interfering medications",none,vitamin D,pre-diabetes,168,vitamin D,50000 IU,q2 weeks,3571.4285714286 IU,4,42,8,"DASS-21, anxiety",42,9.62,7.82,42,7.79,7.49,,39.92,0,Improved anxiety vs placebo,Unknown,low,low,low,low,low,low,low,low,,gain scores,-1.83,4.57,,,,,,,,,,
Rajabi-Naeeni/2021/Iran,Effect of omega-3 and vitamin D co-supplementation on psychological distress in reproductive-aged women with pre-diabetes and hypovitaminosis D: A randomized controlled trial,Randomized Controlled Trial,yes,anxiety,Women of reproductive age with pre-diabetes and vitamin D deficiency,,25(OH)D: 22.03 ng/mL,25(OH)D: 6.92 ng/mL,25(OH)D: 31.71 ng/mL,25(OH)D: 11.51 ng/mL,"Included pre-diabetes, Vit D <32 ng/mL, BMI <30; excluded pregnancy/lactation and interfering medications",none,vitamin D,pre-diabetes,168,"vitamin D, omega-3"," 50,000 IU, 1000 mg","q2weeks, BID","3571.4285714286 IU, 2000 mg",4,42,8,"DASS-21, anxiety",42,13.34,9.73,42,9.29,7.75,,39,0,Improved anxiety vs placebo and monotherapies,Unknown,low,low,low,low,low,low,low,low,,gain scores,-4.05,5.47,,,,,,,,,,
Rajabi-Naeeni/2021/Iran,Effect of omega-3 and vitamin D co-supplementation on psychological distress in reproductive-aged women with pre-diabetes and hypovitaminosis D: A randomized controlled trial,Randomized Controlled Trial,yes,anxiety,Women of reproductive age with pre-diabetes and vitamin D deficiency,,25(OH)D: 23.56 ng/mL,25(OH)D: 6.42 ng/mL,25(OH)D: 21.17 ng/mL,25(OH)D: 7.40 ng/mL,"Included pre-diabetes, Vit D <32 ng/mL, BMI <30; excluded pregnancy/lactation and interfering medications",none,vitamin D,pre-diabetes,168,omega-3,1000 mg,BID,2000 mg,4,42,8,"DASS-21, anxiety",42,10.71,8.31,42,8.27,7.19,,39.78,0,Improved anxiety vs placebo,Unknown,low,low,low,low,low,low,low,low,,gain scores,-2.44,5.95,,,,,,,,,,
Rajabi-Naeeni/2021/Iran,Effect of omega-3 and vitamin D co-supplementation on psychological distress in reproductive-aged women with pre-diabetes and hypovitaminosis D: A randomized controlled trial,Randomized Controlled Trial,yes,anxiety,Women of reproductive age with pre-diabetes and vitamin D deficiency,,25(OH)D: 25.47 ng/mL,25(OH)D: 5.83 ng/mL,25(OH)D: 20.97 ng/mL,25(OH)D: 6.63 ng/mL,"Included pre-diabetes, Vit D <32 ng/mL, BMI <30; excluded pregnancy/lactation and interfering medications",none,vitamin D,pre-diabetes,168,placebo,,BID,,4,42,8,"DASS-21, anxiety",42,10.79,9.28,42,11.48,9.38,,41.85,0,No improvement in anxiety,Unknown,low,low,low,low,low,low,low,low,,gain scores,0.69,3.33,,,,,,,,,,
Khajehnasiri/2013/Iran,"Effect of omega-3 and ascorbic acid on inflammation markers in depressed shift workers in Shahid Tondgoyan Oil Refinery, Iran: a randomized double-blind placebo-controlled study",Randomized Controlled Trial,yes,depression,Male shift workers aged 21–52 with BDI ≥10,,,,,,"Included shift workers, BDI ≥10; excluded chronic illness, smoking, alcohol, drug use",depression,,,136,vitamin C,250 mg,BID,500 mg,4,34,8,Beck Depression Inventory,34,14.03,4.19,31,10.797,5.9,,30.71,100,vitamin C supplementation decreased depression score vs baseline (p<0.05),Not reported,low,low,low,low,low,low,low,low,,gain scores,-3.233,7.08,,,,,,,,,,
Khajehnasiri/2013/Iran,"Effect of omega-3 and ascorbic acid on inflammation markers in depressed shift workers in Shahid Tondgoyan Oil Refinery, Iran: a randomized double-blind placebo-controlled study",Randomized Controlled Trial,yes,depression,Male shift workers aged 21–52 with BDI ≥10,,,,,,"Included shift workers, BDI ≥10; excluded chronic illness, smoking, alcohol, drug use",depression,,,136,omega-3,180 mg EPA + 120 mg DHA,BID,600 mg,4,34,8,Beck Depression Inventory,34,13.73,4.2,30,7.44,5.16,,31.71,100,omega-3 supplementation significantly reduced depression score (p<0.0001),Not reported,low,low,low,low,low,low,low,low,,gain scores,-6.29,6.82,,,,,,,,,,
Khajehnasiri/2013/Iran,"Effect of omega-3 and ascorbic acid on inflammation markers in depressed shift workers in Shahid Tondgoyan Oil Refinery, Iran: a randomized double-blind placebo-controlled study",Randomized Controlled Trial,yes,depression,Male shift workers aged 21–52 with BDI ≥10,,,,,,"Included shift workers, BDI ≥10; excluded chronic illness, smoking, alcohol, drug use",depression,,,136,"omega-3, vitamin C",180 mg EPA + 120 mg DHA + 250 mg Vit C,BID,"600 mg, 500 mg",4,34,8,Beck Depression Inventory,34,14.32,3.68,33,11.259,5.31,,29.47,100,Combination omega-3 + vitamin C reduced depression score (p<0.05) but no added benefit over omega-3 alone,Not reported,low,low,low,low,low,low,low,low,,gain scores,-3.061,6.83,,,,,,,,,,
Khajehnasiri/2013/Iran,"Effect of omega-3 and ascorbic acid on inflammation markers in depressed shift workers in Shahid Tondgoyan Oil Refinery, Iran: a randomized double-blind placebo-controlled study",Randomized Controlled Trial,yes,depression,Male shift workers aged 21–52 with BDI ≥10,,,,,,"Included shift workers, BDI ≥10; excluded chronic illness, smoking, alcohol, drug use",depression,,,136,placebo,,BID,,4,34,8,Beck Depression Inventory,34,14.18,3.35,32,11.84,5.55,,31.12,100,placebo group also showed small decrease in depression (p=0.03),Not reported,low,low,low,low,low,low,low,low,,gain scores,-2.34,5.88,,,,,,,,,,
Gugger/2019/Switzerland,Effect of Monthly High-Dose Vitamin D on Mental Health in Older Adults: Secondary Analysis of a RCT,Randomized Controlled Trial,yes,depression,"Pre-frail, community-dwelling older adults at high risk of vitamin D deficiency",,25(OH)D: 18.7 ng/mL,25(OH)D: 9.8 ng/mL,25(OH)D: 31.822627 ng/mL,25(OH)D: 4.893861 ng/mL,"Included pre-frail older adults, MMSE ≥27, normal clock test, recent fall",none,,"elderly, fall",200,vitamin D,24000 IU/month,monthly,788.501026694 IU,3,67,52,SF-36 MH,67,-75.8,14.4,67,-74.38,,,78,33,higher diese of VitD compared to standard no change in mental health,none reported,low,low,low,low,high,some concerns,some concerns,some concerns,"dose analysis, also approximate standard deviations based on standard errors from adjusted means",gain scores,1.42,13.3240862,,,,,,,,,,
Gugger/2019/Switzerland,Effect of Monthly High-Dose Vitamin D on Mental Health in Older Adults: Secondary Analysis of a RCT,Randomized Controlled Trial,yes,depression,"Pre-frail, community-dwelling older adults at high risk of vitamin D deficiency",,25(OH)D: 20.9 ng/mL,25(OH)D: 9.2 ng/mL,25(OH)D: 40.46119 ng/mL,25(OH)D: 9.62599 ng/mL,"Included pre-frail older adults, MMSE ≥27, normal clock test, recent fall",none,,"elderly, fall",200,vitamin D,60000 IU/month,monthly,1971.2525667351 IU,3,67,52,SF-36 MH,67,-80.5,14.5,67,-79.62,,,78,33,higher diese of VitD compared to standard no change in mental health,none reported,low,low,low,low,high,some concerns,some concerns,some concerns,"dose analysis, also approximate standard deviations based on standard errors from adjusted means",gain scores,0.88,13.5290722,,,,,,,,,,
Gugger/2019/Switzerland,Effect of Monthly High-Dose Vitamin D on Mental Health in Older Adults: Secondary Analysis of a RCT,Randomized Controlled Trial,yes,depression,"Pre-frail, community-dwelling older adults at high risk of vitamin D deficiency",,25(OH)D: 18.4 ng/mL,25(OH)D: 7.6 ng/mL,25(OH)D: 45.44785 ng/mL,25(OH)D: 13.82987 ng/mL,"Included pre-frail older adults, MMSE ≥27, normal clock test, recent fall",none,,"elderly, fall",200,vitamin D,24000 IU + calcifediol/month,monthly,788.501026694 IU,3,66,52,SF-36 MH,66,-75.2,19.4,66,-76.88,,,77,33,higher diese of VitD compared to standard no change in mental health,none reported,low,low,low,low,high,some concerns,some concerns,some concerns,"dose analysis, also approximate standard deviations based on standard errors from adjusted means",gain scores,-1.68,13.4238735,,,,,,,,,,
Gugger/2019/Switzerland,Effect of Monthly High-Dose Vitamin D on Mental Health in Older Adults: Secondary Analysis of a RCT,Randomized Controlled Trial,yes,depression,"Pre-frail, community-dwelling older adults at high risk of vitamin D deficiency",,25(OH)D: 18.7 ng/mL,25(OH)D: 9.8 ng/mL,25(OH)D: 31.822627 ng/mL,25(OH)D: 4.893861 ng/mL,"Included pre-frail older adults, MMSE ≥27, normal clock test, recent fall",none,,"elderly, fall",200,vitamin D,24000 IU/month,monthly,788.501026694 IU,3,67,52,GDS-15,67,2,1.9,67,2.13,,,78,33,higher diese of VitD compared to standard no change in mental health,none reported,low,low,low,low,high,some concerns,some concerns,some concerns,"dose analysis, also approximate standard deviations based on standard errors from adjusted means",gain scores,0.13,1.63988754,,,,,,,,,,
Gugger/2019/Switzerland,Effect of Monthly High-Dose Vitamin D on Mental Health in Older Adults: Secondary Analysis of a RCT,Randomized Controlled Trial,yes,depression,"Pre-frail, community-dwelling older adults at high risk of vitamin D deficiency",,25(OH)D: 20.9 ng/mL,25(OH)D: 9.2 ng/mL,25(OH)D: 40.46119 ng/mL,25(OH)D: 9.62599 ng/mL,"Included pre-frail older adults, MMSE ≥27, normal clock test, recent fall",none,,"elderly, fall",200,vitamin D,60000 IU/month,monthly,1971.2525667351 IU,3,67,52,GDS-15,67,1.9,1.9,67,2.13,,,78,33,higher diese of VitD compared to standard no change in mental health,none reported,low,low,low,low,high,some concerns,some concerns,some concerns,"dose analysis, also approximate standard deviations based on standard errors from adjusted means",gain scores,0.23,1.63988754,,,,,,,,,,
Gugger/2019/Switzerland,Effect of Monthly High-Dose Vitamin D on Mental Health in Older Adults: Secondary Analysis of a RCT,Randomized Controlled Trial,yes,depression,"Pre-frail, community-dwelling older adults at high risk of vitamin D deficiency",,25(OH)D: 18.4 ng/mL,25(OH)D: 7.6 ng/mL,25(OH)D: 45.44785 ng/mL,25(OH)D: 13.82987 ng/mL,"Included pre-frail older adults, MMSE ≥27, normal clock test, recent fall",none,,"elderly, fall",200,vitamin D,24000 IU + calcifediol/month,monthly,788.501026694 IU,3,66,52,GDS-15,66,1.6,1.9,66,1.81,,,77,33,higher diese of VitD compared to standard no change in mental health,none reported,low,low,low,low,high,some concerns,some concerns,some concerns,"dose analysis, also approximate standard deviations based on standard errors from adjusted means",gain scores,0.21,1.62713619,,,,,,,,,,
Rajizadeh/2017/Iran,"Effect of Magnesium supplementation on depression status in depressed patients with Magnesium deficiency: A randomized, double-blind, placebo-controlled trial",Randomized Controlled Trial,yes,depression,Adults aged 20–60 with depression and hypomagnesemia,,magnesium: 1.77 mg/dL,magnesium: 0.19 mg/dL,magnesium: 2.08 mg/dL,magnesium: 0.19 mg/dL,"Included serum Mg deficiency (<1.8 mg/dL men, <1.9 mg/dL women), BDI-II >11, age 20–60; excluded comorbidities and psych meds",depression,magnesium,,53,magnesium,500 mg magnesium oxide,daily,500 mg,2,30,8,BDI-II,26,26.9,7.1,26,11.26,6.9,,32.2,26.9,Significant reduction in depressive symptoms vs placebo,"Diarrhea (1), arthritis pain aggravated (1)",low,some concerns,low,low,low,low,low,low,,gain scores,-15.65,8.92,,,,,,0.076923077,2,,,
Rajizadeh/2017/Iran,"Effect of Magnesium supplementation on depression status in depressed patients with Magnesium deficiency: A randomized, double-blind, placebo-controlled trial",Randomized Controlled Trial,yes,depression,Adults aged 20–60 with depression and hypomagnesemia,,magnesium: 1.82 mg/dL,magnesium: 0.13 mg/dL,magnesium: 1.91 mg/dL,magnesium: 0.27 mg/dL,"Included serum Mg deficiency (<1.8 mg/dL men, <1.9 mg/dL women), BDI-II >11, age 20–60; excluded comorbidities and psych meds",depression,magnesium,,53,placebo,,daily,,2,30,8,BDI-II,27,25.6,6.1,27,15.2,9.3,,32.07,25.9,"Reduction in depressive symptoms, smaller than magnesium",Diarrhea (1),low,some concerns,low,low,low,low,low,low,,gain scores,-10.4,7.9,,,,,,0.037037037,1,,,
Noah/2021/France,Effect of Magnesium and vitamin B6 supplementation on mental health and quality of life in stressed healthy adults: Post-hoc analysis of a randomised controlled trial,Randomized Controlled Trial,no,depression,Adults aged 18–50 with moderate–severe stress and suboptimal serum magnesium,,"magnesium: 0.8 mmol/L, vitamin B6: 50.58 nmol/L","magnesium: 0.04 mmol/L, vitamin B6: 68.76 nmol/L","magnesium: 1.0 mmol/L, vitamin B6: 361.97 nmol/L","magnesium: 0.290387763 mmol/L, vitamin B6: 130.2679506 nmol/L","Included DASS-42 stress ≥18, Mg 0.45–0.85 mmol/L, BMI 18.5–29.9; excluded severe comorbidities, drug/alcohol use","depression, anxiety",magnesium,,264,"magnesium, vitamin B6",Magne B6®: 300 mg Mg + 30 mg B6,daily,"300 mg, 30 mg",2,132,8,"DASS-42, depression",132,14.93,5.514780141,132,6.89,5.514780141,0.48,31.6,26,Significant reduction in depression scores from baseline to 8 weeks,5 non-adherent; no serious AEs,low,low,some concerns,low,low,some concerns,low,some concerns,based on adjusted means,,,,,,,,,,,,,
Noah/2021/France,Effect of Magnesium and vitamin B6 supplementation on mental health and quality of life in stressed healthy adults: Post-hoc analysis of a randomised controlled trial,Randomized Controlled Trial,no,depression,Adults aged 18–50 with moderate–severe stress and suboptimal serum magnesium,,"magnesium: 0.8 mmol/L, vitamin B6: 46.54 nmol/L","magnesium: 0.03 mmol/L, vitamin B6: 27.63 nmol/L","magnesium: 1.0 mmol/L, vitamin B6: 48.17 nmol/L","magnesium: 0.348465316 mmol/L, vitamin B6: 129.2806322 nmol/L","Included DASS-42 stress ≥18, Mg 0.45–0.85 mmol/L, BMI 18.5–29.9; excluded severe comorbidities, drug/alcohol use","depression, anxiety",magnesium,,264,magnesium,Magnespasmyl®: 300 mg Mg,daily,300 mg,2,132,8,"DASS-42, depression",132,15.12,5.859453899,132,7.01,5.859453899,0.51,31.6,26,Significant reduction in depression scores from baseline to 8 weeks,"1 SAE (gastroenteritis, unrelated); 3 non-adherent",low,low,some concerns,low,low,some concerns,low,some concerns,based on adjusted means,,,,,,,,,,,,,
Noah/2021/France,Effect of Magnesium and vitamin B6 supplementation on mental health and quality of life in stressed healthy adults: Post-hoc analysis of a randomised controlled trial,Randomized Controlled Trial,no,anxiety,Adults aged 18–50 with moderate–severe stress and suboptimal serum magnesium,,"magnesium: 0.8 mmol/L, vitamin B6: 50.58 nmol/L","magnesium: 0.04 mmol/L, vitamin B6: 68.76 nmol/L","magnesium: 1.0 mmol/L, vitamin B6: 361.97 nmol/L","magnesium: 0.290387763 mmol/L, vitamin B6: 130.2679506 nmol/L","Included DASS-42 stress ≥18, Mg 0.45–0.85 mmol/L, BMI 18.5–29.9; excluded severe comorbidities, drug/alcohol use","depression, anxiety",magnesium,,264,"magnesium, vitamin B6",Magne B6®: 300 mg Mg + 30 mg B6,daily,"300 mg, 30 mg",2,132,8,"DASS-42, anxiety",132,16.03,4.940323876,132,7.57,5.055215129,0.44,31.6,26,Significant reduction in anxiety scores from baseline to 8 weeks,5 non-adherent; no serious AEs,low,low,some concerns,low,low,some concerns,low,some concerns,based on adjusted means,,,,,,,,,,,,,
Noah/2021/France,Effect of Magnesium and vitamin B6 supplementation on mental health and quality of life in stressed healthy adults: Post-hoc analysis of a randomised controlled trial,Randomized Controlled Trial,no,anxiety,Adults aged 18–50 with moderate–severe stress and suboptimal serum magnesium,,"magnesium: 0.8 mmol/L, vitamin B6: 46.54 nmol/L","magnesium: 0.03 mmol/L, vitamin B6: 27.63 nmol/L","magnesium: 1.0 mmol/L, vitamin B6: 48.17 nmol/L","magnesium: 0.348465316 mmol/L, vitamin B6: 129.2806322 nmol/L","Included DASS-42 stress ≥18, Mg 0.45–0.85 mmol/L, BMI 18.5–29.9; excluded severe comorbidities, drug/alcohol use","depression, anxiety",magnesium,,264,magnesium,Magnespasmyl®: 300 mg Mg,daily,300 mg,2,132,8,"DASS-42, anxiety",132,16.13,4.940323876,132,7.1,4.940323876,0.43,31.6,26,Significant reduction in anxiety scores from baseline to 8 weeks,"1 SAE (gastroenteritis, unrelated); 3 non-adherent",low,low,some concerns,low,low,some concerns,low,some concerns,based on adjusted means,,,,,,,,,,,,,
Mirzavandi/2020/Iran,The effect of high dose of intramuscular vitamin D supplement injections on depression in patients with type 2 diabetes and vitamin D deficiency: A randomized controlled clinical trial,Randomized Controlled Trial,no,depression,Adults aged 30–60 with type 2 diabetes mellitus and vitamin D deficiency,,25(OH)D: 15.8 ng/mL,25(OH)D: 5.8 ng/mL,25(OH)D: 36.5 ng/mL,25(OH)D: 14.9 ng/mL,"Included T2DM, HbA1c <9%, Vit D <20 ng/mL; excluded recent Vit D use, severe comorbidities, antidepressants, insulin",none,vitamin D,T2DM,50,vitamin D,"200,000 IU IM at week 0 and week 4",twice (4-week apart injections),7142.8571428571 IU,2,25,8,Beck Depression Inventory,25,16.8,10.8,25,12.8,9.1,,46.1,20,Serum 25(OH)D increased but no significant effect on depression scores,None reported,low,low,high,high,low,some concerns,low,high,,,,,,,,,,,,,,
Mirzavandi/2020/Iran,The effect of high dose of intramuscular vitamin D supplement injections on depression in patients with type 2 diabetes and vitamin D deficiency: A randomized controlled clinical trial,Randomized Controlled Trial,no,depression,Adults aged 30–60 with type 2 diabetes mellitus and vitamin D deficiency,,25(OH)D: 16.2 ng/mL,25(OH)D: 4.3 ng/mL,25(OH)D: 18.6 ng/mL,25(OH)D: 14.5 ng/mL,"Included T2DM, HbA1c <9%, Vit D <20 ng/mL; excluded recent Vit D use, severe comorbidities, antidepressants, insulin",none,vitamin D,T2DM,50,None,,,,2,25,8,Beck Depression Inventory,25,15.2,10.6,25,14.2,9.6,,46,40,No improvement in depression; serum 25(OH)D levels remained low,Not reported,low,low,high,high,low,some concerns,low,high,,,,,,,,,,,,,,
Resler/2008/Venezuela,"Effect of folic acid combined with fluoxetine in patients with major depression on plasma homocysteine and Vitamin B12, and serotonin levels in lymphocytes",Randomized Controlled Trial,yes,depression,"Adults aged 21–58 with major depressive disorder, no comorbidities, outpatients",,vitamin B9: 9.22 nmol/L,vitamin B9: 1.97 nmol/L,vitamin B9: 47.81 nmol/L,vitamin B9: 6.66 nmol/L,"Included recent MDD by SCID-I; excluded comorbidities, no antidepressants/vitamins past 30 days",depression,,,27,"vitamin B9, Fluoxetine","10 mg, 20 mg",daily,"10 mg, 20 mg",2,14,6,ΗDRS,14,22.5,0.98,14,7.43,1.65,,35.04,15,Combination therapy augmented antidepressant response at 6 weeks,None reported,some concerns,low,low,high,some concerns,low,low,some concerns,,,,,,,,,,,,,,
Resler/2008/Venezuela,"Effect of folic acid combined with fluoxetine in patients with major depression on plasma homocysteine and Vitamin B12, and serotonin levels in lymphocytes",Randomized Controlled Trial,yes,depression,"Adults aged 21–58 with major depressive disorder, no comorbidities, outpatients",,vitamin B9: 9.10 nmol/L,vitamin B9: 1.66 nmol/L,vitamin B9: 11.61 nmol/L,vitamin B9: 3.53 nmol/L,"Included recent MDD by SCID-I; excluded comorbidities, no antidepressants/vitamins past 30 days",depression,,,27,Fluoxetine,20 mg,daily,20 mg,2,13,6,ΗDRS,13,21.85,0.94,13,11.43,1.31,,35.04,15,"Fluoxetine monotherapy reduced depression, but less than folate group",Not reported,some concerns,low,low,high,some concerns,low,low,some concerns,,,,,,,,,,,,,,
Vellekkatt/2020/India,Effect of adjunctive single dose parenteral Vitamin D supplementation in major depressive disorder with concurrent vitamin D deficiency: A double-blind randomized placebo-controlled trial,Randomized Controlled Trial,yes,depression,"Adults aged 18–65 with major depressive disorder and vitamin D deficiency (<20 ng/mL), no antidepressant in past 6 weeks",25(OH)D: 1.00,,,,,"Included DSM-5 MDD (MINI-Plus confirmed), Vit D <20 ng/mL; excluded pregnancy/lactation, comorbidities, supplements",depression,vitamin D,,46,vitamin D,300000 IU (IM),once,3571.4285714286 IU,2,23,12,HAM-D,23,19.4,4,23,3,1.58034491,,36.2,26.1,Adjunctive vitamin D significantly reduced depressive symptoms at 12 weeks,No major AEs,low,low,low,low,low,some concerns,low,low,,cohen's d,-1.00217156,0.09787335,,,,,,0,0,,,
Vellekkatt/2020/India,Effect of adjunctive single dose parenteral Vitamin D supplementation in major depressive disorder with concurrent vitamin D deficiency: A double-blind randomized placebo-controlled trial,Randomized Controlled Trial,yes,depression,"Adults aged 18–65 with major depressive disorder and vitamin D deficiency (<20 ng/mL), no antidepressant in past 6 weeks",25(OH)D: 1.00,,,,,"Included DSM-5 MDD (MINI-Plus confirmed), Vit D <20 ng/mL; excluded pregnancy/lactation, comorbidities, supplements",depression,vitamin D,,46,placebo,Normal saline injection,once,,2,23,12,HAM-D,23,17.44,3.1,23,5.4,3.79282778,,35.8,39.1,placebo group showed smaller reduction in depressive symptoms,No major AEs,low,low,low,low,low,some concerns,low,low,,cohen's d,0,0.09787335,,,,,,0,0,,,
Mozaffari-Khosravi/2013/Iran,The effect of 2 different single injections of high dose of vitamin D on improving the depression in depressed patients with vitamin D deficiency: a randomized clinical trial,Randomized Controlled Trial,no,depression,Adults aged 20–60 with depression (BDI-II ≥17) and vitamin D deficiency,,25(OH)D: 21.767 nmol/L,25(OH)D: 8.62013376 nmol/L,25(OH)D: 66.91008 nmol/L,25(OH)D: 31.74237 nmol/L,"Included BDI-II ≥17, confirmed Vit D deficiency; excluded pregnancy, comorbidities, recent supplements/antidepressants",depression,vitamin D,,109,vitamin D,"300,000 IU D3 IM injection",once,3571.4285714286 IU,3,40,12,BDI-II,39,26.7,7.5,39,17.4,9.8,,32.1,35.9,"High-dose vitamin D significantly improved depression, more effective than 150,000 IU",None reported,low,some concerns,high,high,some concerns,some concerns,low,high,,gain scores,-9.3,8.7,,,,,,,,,,
Mozaffari-Khosravi/2013/Iran,The effect of 2 different single injections of high dose of vitamin D on improving the depression in depressed patients with vitamin D deficiency: a randomized clinical trial,Randomized Controlled Trial,no,depression,Adults aged 20–60 with depression (BDI-II ≥17) and vitamin D deficiency,,25(OH)D: 23.567 nmol/L,25(OH)D: 10.88628937 nmol/L,25(OH)D: 44.125983 nmol/L,25(OH)D: 4.848781 nmol/L,"Included BDI-II ≥17, confirmed Vit D deficiency; excluded pregnancy, comorbidities, recent supplements/antidepressants",depression,vitamin D,,109,vitamin D,"150,000 IU D3 IM injection",once,1785.7142857143 IU,3,40,12,BDI-II,36,27.5,8.4,36,20.6,11.3,,32.7,25,"Moderate-dose vitamin D improved depression, but less effective than 300,000 IU",None reported,low,some concerns,high,high,some concerns,some concerns,low,high,,gain scores,-6.8,7.9,,,,,,,,,,
Mozaffari-Khosravi/2013/Iran,The effect of 2 different single injections of high dose of vitamin D on improving the depression in depressed patients with vitamin D deficiency: a randomized clinical trial,Randomized Controlled Trial,no,depression,Adults aged 20–60 with depression (BDI-II ≥17) and vitamin D deficiency,,25(OH)D: 24.367 nmol/L,25(OH)D: 10.13856326 nmol/L,25(OH)D: 27.598324 nmol/L,25(OH)D: 8.291057 nmol/L,"Included BDI-II ≥17, confirmed Vit D deficiency; excluded pregnancy, comorbidities, recent supplements/antidepressants",depression,vitamin D,,109,None,,,,3,40,12,BDI-II,34,26.4,5.2,34,24.3,6.2,,33,23.5,Control group showed no significant improvement,None reported,low,some concerns,high,high,some concerns,some concerns,low,high,,gain scores,-2.1,3.8,,,,,,,,,,
Mech/2016/USA,"Correlation of clinical response with homocysteine reduction during therapy with reduced B vitamins in patients with MDD who are positive for MTHFR C677T or A1298C polymorphism: a randomized, double-blind, placebo-controlled study",Randomized Controlled Trial,yes,depression,Adults aged 18–67 with major depressive disorder (DSM-5) and MTHFR C677T or A1298C polymorphism,,homocysteine: 9.6 µmol/L,,homocysteine: 7.2 µmol/L,,"Included MDD with MTHFR polymorphism; excluded substance abuse, dementia, psychosis, suicidality, bipolar disorder",depression,,MTHFR,282,"vitamin B9, folinate, vitamin B1, vitamin B2, vitamin B12, vitamin B3, glycine, magnesium, zinc, phosphatidylserine","Combination capsule (L-methylfolate, folinate, citrated folate, B1, B2, B6, B12, NADH, trimethyl glycine, Mg, Zn, phosphatidylserine)",once daily,"various, various, various, various, various, various, various, various, various, various",2,159,8,MADRS,159,27,,159,15,,,32,42,Significant reduction in MADRS and homocysteine compared to placebo,"Adverse events <5%, no difference from placebo",some concerns,some concerns,some concerns,some concerns,some concerns,low,high,high,,cohen's d,-0.81,0.124830635,,,,,,,,<=,8,
Mech/2016/USA,"Correlation of clinical response with homocysteine reduction during therapy with reduced B vitamins in patients with MDD who are positive for MTHFR C677T or A1298C polymorphism: a randomized, double-blind, placebo-controlled study",Randomized Controlled Trial,yes,depression,Adults aged 18–67 with major depressive disorder (DSM-5) and MTHFR C677T or A1298C polymorphism,,homocysteine: 9.6 µmol/L,,homocysteine: 10 µmol/L,,"Included MDD with MTHFR polymorphism; excluded substance abuse, dementia, psychosis, suicidality, bipolar disorder",depression,,MTHFR,282,placebo,placebo capsule,once daily,,2,123,8,MADRS,123,27,,123,25.7,,,32,42,Minimal reduction in MADRS; homocysteine increased slightly,"Adverse events <5%, no difference from active",some concerns,some concerns,some concerns,some concerns,some concerns,low,high,high,,,0,0.124830635,,,,,,,,<=,6,
Oren/1994/USA,A controlled trial of cyanocobalamin (Vitamin B12) in the treatment of winter seasonal affective disorder,Randomized Controlled Trial,yes,depression,"Adults with seasonal affective disorder, medically stable, no comorbid Axis I disorders",,vitamin B12: 447 pg/mL,vitamin B12: 164 pg/mL,,,"Included DSM-III-R SAD; excluded comorbid Axis I, med changes, pernicious anemia, macular degeneration",seasonal affective disorder,,,27,vitamin B12,1.5 mg,TID,4.5 mg,2,14,4,SIGH-SAD,14,30,9,14,18,8,,48,22,vitamin B12 not effective compared to placebo in SAD,Not reported,some concerns,some concerns,low,low,low,some concerns,low,some concerns,,,,,,,,,,,,,,
Oren/1994/USA,A controlled trial of cyanocobalamin (Vitamin B12) in the treatment of winter seasonal affective disorder,Randomized Controlled Trial,yes,depression,"Adults with seasonal affective disorder, medically stable, no comorbid Axis I disorders",,vitamin B12: 447 pg/mL,vitamin B12: 164 pg/mL,,,"Included DSM-III-R SAD; excluded comorbid Axis I, med changes, pernicious anemia, macular degeneration",seasonal affective disorder,,,27,placebo,,daily,,2,13,4,SIGH-SAD,13,28,6,13,21,10,,48,22,placebo group showed similar reduction; no benefit of B12,Not reported,some concerns,some concerns,low,low,low,some concerns,low,some concerns,,,,,,,,,,,,,,
Vafa/2019/Iran-USA,Comparing the effectiveness of vitamin D plus iron vs vitamin D on depression scores in anemic females: Randomized triple-masked trial,Randomized Controlled Trial,yes,depression,Premenopausal women aged 18–45 with anemia and vitamin D deficiency (<30 ng/mL),,25(OH)D: 19.31 ng/mL,25(OH)D: 16.47824994 ng/mL,25(OH)D: 43.083 ng/mL,25(OH)D: 15.68616999 ng/mL,"Included anemia (Hb ≤12.7 g/dL) and Vit D <30 ng/mL; excluded supplements, antidepressants, comorbidities",none,vitamin D,anemia,80,vitamin D,1000 IU,daily,1000 IU,2,40,12,BDI-II,39,8.666667,7.696548,39,4.666666667,6.1572384,,38.5,0,"Both groups improved, no added benefit of iron",No adverse events from vitamin D,low,low,low,low,low,low,low,low,,gain scores,-3.3333333,3.848274,,,,,,0,0,,,
Vafa/2019/Iran-USA,Comparing the effectiveness of vitamin D plus iron vs vitamin D on depression scores in anemic females: Randomized triple-masked trial,Randomized Controlled Trial,yes,depression,Premenopausal women aged 18–45 with anemia and vitamin D deficiency (<30 ng/mL),,25(OH)D: 17.02 ng/mL,25(OH)D: 16.91600231 ng/mL,25(OH)D: 39.950 ng/mL,25(OH)D: 17.10869 ng/mL,"Included anemia (Hb ≤12.7 g/dL) and Vit D <30 ng/mL; excluded supplements, antidepressants, comorbidities",none,vitamin D,anemia,80,"vitamin D, Iron","1000 IU, 27 mg",daily,"1000 IU, 27 mg",2,40,12,BDI-II,35,12.16667,11.981181,35,6.833333333,8.11628416,,38.17,0,Addition of iron not superior to vitamin D alone,8 with GI side effects (iron),low,low,low,low,low,low,low,low,,gain scores,-4.666666667,6.18383555,,,,,,0.228571429,8,,,
Vafa/2019/Iran-USA,Comparing the effectiveness of vitamin D plus iron vs vitamin D on depression scores in anemic females: Randomized triple-masked trial,Randomized Controlled Trial,yes,anxiety,Premenopausal women aged 18–45 with anemia and vitamin D deficiency (<30 ng/mL),,25(OH)D: 19.31 ng/mL,25(OH)D: 16.47824994 ng/mL,25(OH)D: 43.083 ng/mL,25(OH)D: 15.68616999 ng/mL,"Included anemia (Hb ≤12.7 g/dL) and Vit D <30 ng/mL; excluded supplements, antidepressants, comorbidities",none,vitamin D,anemia,80,vitamin D,1000 IU,daily,1000 IU,2,40,12,BAI,39,13,12.314477,39,6,6.9268932,,38.5,0,"Anxiety symptoms improved, no added benefit of iron",No adverse events from vitamin D,low,low,low,low,low,low,low,low,,gain scores,-6.6666667,6.1572384,,,,,,0,0,,,
Vafa/2019/Iran-USA,Comparing the effectiveness of vitamin D plus iron vs vitamin D on depression scores in anemic females: Randomized triple-masked trial,Randomized Controlled Trial,yes,anxiety,Premenopausal women aged 18–45 with anemia and vitamin D deficiency (<30 ng/mL),,25(OH)D: 17.02 ng/mL,25(OH)D: 16.91600231 ng/mL,25(OH)D: 39.950 ng/mL,25(OH)D: 17.10869 ng/mL,"Included anemia (Hb ≤12.7 g/dL) and Vit D <30 ng/mL; excluded supplements, antidepressants, comorbidities",none,vitamin D,anemia,80,"vitamin D, Iron","1000 IU, 27 mg",daily,"1000 IU, 27 mg",2,40,12,BAI,35,16.1666667,8.8892636,35,7.5,6.57032527,,38.17,0,"Anxiety symptoms improved, iron not superior to vitamin D alone",8 with GI side effects (iron),low,low,low,low,low,low,low,low,,gain scores,-6,7.72979443,,,,,,0.228571429,8,,,
Ghaderi/2017/Iran,Clinical trial of the effects of vitamin D supplementation on psychological symptoms and metabolic profiles in maintenance methadone treatment patients,Randomized Controlled Trial,yes,depression,Adults aged 25–70 on methadone maintenance therapy with vitamin D deficiency,,25(OH)D: 13.9 ng/mL,25(OH)D: 4.5 ng/mL,25(OH)D: 22.0 ng/mL,25(OH)D: 7.5 ng/mL,Included MMT patients aged 25–70 with Vit D deficiency; excluded supplement use or metabolic disorders,none,vitamin D,methadone treatment,68,vitamin D,"50,000 IU vitamin D every 2 weeks",q2 weeks,3571.4285714286 IU,2,34,12,BDI-II,34,22.3,6.1,34,17.4,6,,40.1,,vitamin D reduced depressive symptoms compared to placebo,None reported,low,some concerns,low,some concerns,some concerns,some concerns,low,low,,gain scores,-4.8,7.3,,,,,,,,,,
Ghaderi/2017/Iran,Clinical trial of the effects of vitamin D supplementation on psychological symptoms and metabolic profiles in maintenance methadone treatment patients,Randomized Controlled Trial,yes,depression,Adults aged 25–70 on methadone maintenance therapy with vitamin D deficiency,,25(OH)D: 13.5 ng/mL,25(OH)D: 4.5 ng/mL,25(OH)D: 13.1 ng/mL,25(OH)D: 5.9 ng/mL,Included MMT patients aged 25–70 with Vit D deficiency; excluded supplement use or metabolic disorders,none,vitamin D,methadone treatment,68,placebo,,q2 weeks,,2,34,12,BDI-II,34,23,6.9,34,21.5,6.7,,42.5,,placebo group showed minimal reduction in depressive symptoms,Not reported,low,some concerns,low,some concerns,some concerns,some concerns,low,low,,gain scores,-1.5,6.1,,,,,,,,,,
Ghaderi/2017/Iran,Clinical trial of the effects of vitamin D supplementation on psychological symptoms and metabolic profiles in maintenance methadone treatment patients,Randomized Controlled Trial,yes,anxiety,Adults aged 25–70 on methadone maintenance therapy with vitamin D deficiency,,25(OH)D: 13.9 ng/mL,25(OH)D: 4.5 ng/mL,25(OH)D: 22.0 ng/mL,25(OH)D: 7.5 ng/mL,Included MMT patients aged 25–70 with Vit D deficiency; excluded supplement use or metabolic disorders,none,vitamin D,methadone treatment,68,vitamin D,"50,000 IU vitamin D every 2 weeks",q2 weeks,3571.4285714286 IU,2,34,12,BAI,34,18.5,6.5,34,14.8,7.8,,40.1,,vitamin D improved anxiety symptoms compared to placebo,None reported,low,some concerns,low,some concerns,some concerns,some concerns,low,low,,gain scores,3.7,7.8,,,,,,,,,,
Ghaderi/2017/Iran,Clinical trial of the effects of vitamin D supplementation on psychological symptoms and metabolic profiles in maintenance methadone treatment patients,Randomized Controlled Trial,yes,anxiety,Adults aged 25–70 on methadone maintenance therapy with vitamin D deficiency,,25(OH)D: 13.5 ng/mL,25(OH)D: 4.5 ng/mL,25(OH)D: 13.1 ng/mL,25(OH)D: 5.9 ng/mL,Included MMT patients aged 25–70 with Vit D deficiency; excluded supplement use or metabolic disorders,none,vitamin D,methadone treatment,68,placebo,,q2 weeks,,2,34,12,BAI,34,19,4.5,34,17.6,3.9,,42.5,,placebo group worsened slightly on anxiety scores,Not reported,low,some concerns,low,some concerns,some concerns,some concerns,low,low,,gain scores,-1.3,4.5,,,,,,,,,,
Muhihi/2022/Tanzania-USA,"Cholecalciferol Supplementation Does Not Affect the Risk of HIV Progression, Viral Suppression, Comorbidities, Weight Loss, and Depression among Tanzanian Adults Initiating Antiretroviral Therapy: Secondary Outcomes of a Randomized Trial",Randomized Controlled Trial,yes,depression,"Adults with HIV starting ART, aged ≥18, vitamin D deficiency (<30 ng/mL)",25(OH)D: 0.52,25(OH)D: 19.134355 ng/mL,25(OH)D: 6.132762 ng/mL,,,Included adults with HIV initiating ART; excluded pregnancy and other clinical trial participation,none,vitamin D,HIV,4000,vitamin D,"50,000 IU weekly ×4, then 2000 IU daily",weekly x 4 then daily,2395.6043956044 IU,2,2001,52,HSCL-25,2001,0.49,0.2499,2001,,,,38.6,32,vitamin D did not reduce risk of depression symptoms at 6 or 12 months,No differences in AEs vs placebo,low,low,low,low,low,low,low,low,,hedge's g,-0.1079,0.08906,,,,,,0.172413793,345,,,
Muhihi/2022/Tanzania-USA,"Cholecalciferol Supplementation Does Not Affect the Risk of HIV Progression, Viral Suppression, Comorbidities, Weight Loss, and Depression among Tanzanian Adults Initiating Antiretroviral Therapy: Secondary Outcomes of a Randomized Trial",Randomized Controlled Trial,yes,depression,"Adults with HIV starting ART, aged ≥18, vitamin D deficiency (<30 ng/mL)",25(OH)D: 0.51,25(OH)D: 19.061240 ng/mL,25(OH)D: 19.061240 ng/mL,,,Included adults with HIV initiating ART; excluded pregnancy and other clinical trial participation,none,vitamin D,HIV,4000,placebo,,weekly x 4 then daily,,2,1999,52,HSCL-25,1999,0.48,0.2496,1999,,,,38.8,32,placebo group had similar depression risk at 6 and 12 months,No differences in AEs vs vitamin D,low,low,low,low,low,low,low,low,,hedge's g,0,0.08906,,,,,,0.185592796,371,,,
Khodadad/2021/Iran,Can Vitamin B6 Help to Prevent Postpartum Depression? A Randomized Controlled Trial,Randomized Controlled Trial,no,depression,"Pregnant women at 28 weeks’ gestation at risk for postpartum depression (EPDS ≥13), otherwise healthy",,,,,,Included women with ≥1 PPD risk factor; excluded if developed major depression or severe anxiety requiring treatment,none,,pregnant,86,vitamin B6,80 mg daily then 40 mg daily ×1 month,daily,70 mg,2,43,16,EPDS,40,10.1,1.4,40,4.2,2.7,,28.2,0,vitamin B6 group showed significant reduction in EPDS compared to placebo,None reported,high,high,high,some concerns,high,some concerns,high,high,,gain scores,-5.9,2.935867537,,,,,,,,,,
Khodadad/2021/Iran,Can Vitamin B6 Help to Prevent Postpartum Depression? A Randomized Controlled Trial,Randomized Controlled Trial,no,depression,"Pregnant women at 28 weeks’ gestation at risk for postpartum depression (EPDS ≥13), otherwise healthy",,,,,,Included women with ≥1 PPD risk factor; excluded if developed major depression or severe anxiety requiring treatment,none,,pregnant,86,placebo,,daily,,2,43,16,EPDS,41,9.3,2.7,41,10.4,3.4,,29.6,0,placebo group showed no significant reduction in EPDS,None reported,high,high,high,some concerns,high,some concerns,high,high,,gain scores,1.1,4.167714001,,,,,,,,,,
Almeida/2014/Australia,B-vitamins reduce the long-term risk of depression after stroke: The VITATOPS-DEP trial,Randomized Controlled Trial,yes,depression,"Adults aged ≥50 with major depressive disorder (DSM-IV), MADRS ≥20",,"homocysteine: 11.133 umol/L, RBC vitamin B9: 1364.667 nmol/L, vitamin B12: 349.000 pmol/L","homocysteine: 2.719798574 umol/L, RBC vitamin B9: 557.5587076 nmol/L, vitamin B12: 123.901935 pmol/L","homocysteine: 9.033  umol/L, RBC vitamin B9: 2229.367 nmol/L, vitamin B12: 688 pmol/L","homocysteine: 1.7435595774 umol/L, RBC vitamin B9: 981.6240420854 nmol/L, vitamin B12: 435.8898943541 pmol/L",Included adults ≥50 with DSM-IV MDD; excluded severe comorbidities; recruited via GPs and electoral roll,depression,,AUD,146,"vitamin B12, vitamin B9, vitamin B6, citalopram","0.5 mg, 2 mg, 25 mg , 20–40 mg ",daily,"0.5 mg, 2 mg, 25 mg, various",2,76,52,response MADRS,76,,,73,,,,63.4,50.7,"Remission rates higher with vitamins, relapse reduced; categorical outcomes only (no mean ± SD reported)","Adverse events similar across groups (nausea, tremor, anxiety, etc.)",low,low,low,low,low,low,low,low,,logistic,-0.5276327,0.551328895,0.38166753,4,,,,,,>=,19,
Almeida/2014/Australia,B-vitamins reduce the long-term risk of depression after stroke: The VITATOPS-DEP trial,Randomized Controlled Trial,yes,depression,"Adults aged ≥50 with major depressive disorder (DSM-IV), MADRS ≥20",,"homocysteine: 10.267 µmol/L, RBC vitamin B9: 1352.000 nmol/L, vitamin B12: 386.667 pmol/L","homocysteine: 2.040359269 µmol/L, RBC vitamin B9: 494.0967409 nmol/L, vitamin B12: 143.5808375 pmol/L","homocysteine: 10.067 µmol/L, RBC vitamin B9: 1287.8 nmol/L, vitamin B12: 409.767 pmol/L","homocysteine: 1.7549928775 µmol/L, RBC vitamin B9: 782.7268233554 nmol/L, vitamin B12: 354.5085612506 pmol/L",Included adults ≥50 with DSM-IV MDD; excluded severe comorbidities; recruited via GPs and electoral roll,depression,,AUD,146,citalopram, 20–40 mg,daily,various,2,77,52,response MADRS,77,,,73,,,,61.7,36.8,placebo group had lower remission and higher relapse rates than vitamin B group,"Adverse events similar across groups (nausea, tremor, anxiety, etc.)",low,low,low,low,low,low,low,low,,,0,0.551328895,0.38166753,4,,,,,,>=,16,
Almeida/2014/Australia,B-vitamins reduce the long-term risk of depression after stroke: The VITATOPS-DEP trial,Randomized Controlled Trial,yes,depression,"Adults aged ≥50 with major depressive disorder (DSM-IV), MADRS ≥20",,"homocysteine: 11.133 umol/L, RBC vitamin B9: 1364.667 nmol/L, vitamin B12: 349.000 pmol/L","homocysteine: 2.719798574 umol/L, RBC vitamin B9: 557.5587076 nmol/L, vitamin B12: 123.901935 pmol/L","homocysteine: 9.033  umol/L, RBC vitamin B9: 2229.367 nmol/L, vitamin B12: 688 pmol/L","homocysteine: 1.7435595774 umol/L, RBC vitamin B9: 981.6240420854 nmol/L, vitamin B12: 435.8898943541 pmol/L",Included adults ≥50 with DSM-IV MDD; excluded severe comorbidities; recruited via GPs and electoral roll,depression,,AUD,146,"vitamin B12, vitamin B9, vitamin B6, citalopram","0.5 mg, 2 mg, 25 mg , 20–40 mg ",daily,"0.5 mg, 2 mg, 25 mg, various",2,76,52,MADRS,76,27.66667,5.288,73,7.355709115,,,63.4,50.7,"Remission rates higher with vitamins, relapse reduced; categorical outcomes only (no mean ± SD reported)","Adverse events similar across groups (nausea, tremor, anxiety, etc.)",low,low,low,low,low,low,low,low,,gain scores,-20.310958,5.39453316,,,,,,,,>=,19,
Almeida/2014/Australia,B-vitamins reduce the long-term risk of depression after stroke: The VITATOPS-DEP trial,Randomized Controlled Trial,yes,depression,"Adults aged ≥50 with major depressive disorder (DSM-IV), MADRS ≥20",,"homocysteine: 10.267 µmol/L, RBC vitamin B9: 1352.000 nmol/L, vitamin B12: 386.667 pmol/L","homocysteine: 2.040359269 µmol/L, RBC vitamin B9: 494.0967409 nmol/L, vitamin B12: 143.5808375 pmol/L","homocysteine: 10.067 µmol/L, RBC vitamin B9: 1287.8 nmol/L, vitamin B12: 409.767 pmol/L","homocysteine: 1.7549928775 µmol/L, RBC vitamin B9: 782.7268233554 nmol/L, vitamin B12: 354.5085612506 pmol/L",Included adults ≥50 with DSM-IV MDD; excluded severe comorbidities; recruited via GPs and electoral roll,depression,,AUD,146,citalopram, 20–40 mg,daily,various,2,77,52,MADRS,77,27,7.5568862,73,8.935,,,61.7,36.8,placebo group had lower remission and higher relapse rates than vitamin B group,"Adverse events similar across groups (nausea, tremor, anxiety, etc.)",low,low,low,low,low,low,low,low,,gain scores,-18.065153,4.12523124,,,,,,,,>=,16,
Tan/2023/Singapore,B-vitamin supplementation on mitigating post-stroke cognition and neuropsychiatric sequelae: A randomized controlled trial,Randomized Controlled Trial,yes,depression,Post-stroke or TIA patients,,"vitamin B12: 335.9 pmol/L, vitamin B9: 17.1 nmol/L, homocysteine: 13.78 µmol/L","vitamin B12: 204.95 pmol/L, vitamin B9: 8.32 nmol/L, homocysteine: 4.87 µmol/L",,,Included stroke/TIA patients ≤7 months; excluded dementia,none,,stroke,707,"vitamin B6, vitamin B9, vitamin B12","25 mg, 2 mg, 0.5 mg",daily,"25 mg, 2 mg, 0.5 mg",2,358,260,HADS-D >= 8,358,,,358,,,,61.5,64.8,No reduction in depressive symptoms vs placebo,Not reported,low,low,low,low,low,low,some concerns,low,,hedge's g,0.034,0.136925,,,,,,,,,,
Tan/2023/Singapore,B-vitamin supplementation on mitigating post-stroke cognition and neuropsychiatric sequelae: A randomized controlled trial,Randomized Controlled Trial,yes,depression,Post-stroke or TIA patients,,"vitamin B12: 323.8 pmol/L, vitamin B9: 16.6 nmol/L, homocysteine: 14.14 µmol/L","vitamin B12: 194.96 pmol/L, vitamin B9: 7.77 nmol/L, homocysteine: 5.12 µmol/L",,,Included stroke/TIA patients ≤7 months; excluded dementia,none,,stroke,707,placebo,,daily,,2,349,260,HADS-D >= 8,349,,,349,,,,60.2,71.6,Served as reference in OR analysis,Not reported,low,low,low,low,low,low,some concerns,low,,hedge's g,0,0.136925,,,,,,,,,,
Tan/2023/Singapore,B-vitamin supplementation on mitigating post-stroke cognition and neuropsychiatric sequelae: A randomized controlled trial,Randomized Controlled Trial,yes,anxiety,Post-stroke or TIA patients,,"vitamin B12: 335.9 pmol/L, vitamin B9: 17.1 nmol/L, homocysteine: 13.78 µmol/L","vitamin B12: 204.95 pmol/L, vitamin B9: 8.32 nmol/L, homocysteine: 4.87 µmol/L",,,Included stroke/TIA patients ≤7 months; excluded dementia,none,,stroke,707,"vitamin B6, vitamin B9, vitamin B12","25 mg, 2 mg, 0.5 mg",daily,"25 mg, 2 mg, 0.5 mg",2,358,260,HADS-A >=8,358,,,358,,,,61.5,64.8,"Trend toward reduced anxiety, not statistically significant",Not reported,low,low,low,low,low,low,some concerns,low,,hedge's g,-0.2352,0.132599,,,,,,,,,,
Tan/2023/Singapore,B-vitamin supplementation on mitigating post-stroke cognition and neuropsychiatric sequelae: A randomized controlled trial,Randomized Controlled Trial,yes,anxiety,Post-stroke or TIA patients,,"vitamin B12: 323.8 pmol/L, vitamin B9: 16.6 nmol/L, homocysteine: 14.14 µmol/L","vitamin B12: 194.96 pmol/L, vitamin B9: 7.77 nmol/L, homocysteine: 5.12 µmol/L",,,Included stroke/TIA patients ≤7 months; excluded dementia,none,,stroke,707,placebo,,daily,,2,349,260,HADS-A >=8,349,,,349,,,,60.2,71.6,Served as reference in OR analysis,Not reported,low,low,low,low,low,low,some concerns,low,,hedge's g,0,0.132599,,,,,,,,,,
Almeida/2010/Australia,B-vitamins reduce the long-term risk of depression after stroke: The VITATOPS-DEP trial,Randomized Controlled Trial,yes,depression,"Post-stroke patients (TIA or stroke within 7 months), not depressed at baseline",,homocysteine: 36.03854 µmol/L,homocysteine: 104.99366 µmol/L,homocysteine: 9.9 µmol/L,homocysteine: 3.7947331922 µmol/L,"Included recent stroke/TIA, no major depression at baseline",none,,stroke,563,"vitamin B6, vitamin B9, vitamin B12","25 mg, 2 mg, 0.5 mg",daily,"25 mg, 2 mg, 0.5 mg",2,284,374.4,DSM-IV MDD,136,0,0,136,0.191,0.39308905,,62.9,66.9,Adjusted OR 0.52 (95% CI 0.24–1.13); lower risk of major depression vs placebo,Not reported,low,low,low,low,low,low,some concerns,some concerns,,logistic,-0.7339692,0.551328895,0.32959373,8,,,,,,,,
Almeida/2010/Australia,B-vitamins reduce the long-term risk of depression after stroke: The VITATOPS-DEP trial,Randomized Controlled Trial,yes,depression,"Post-stroke patients (TIA or stroke within 7 months), not depressed at baseline",,homocysteine: 25.84055 µmol/L,homocysteine: 54.32346 µmol/L,homocysteine: 13.3 µmol/L,homocysteine: 3.7094473982 µmol/L,"Included recent stroke/TIA, no major depression at baseline",none,,stroke,563,placebo,,daily,,2,279,358.8,DSM-IV MDD,137,0,0,137,0.277,0.44751648,,63.1,70.1,Reference group; higher depression incidence than intervention,Not reported,low,low,low,low,low,low,some concerns,some concerns,,,0,0.551328895,0.32959373,8,,,,,,,,
Khajehnasiri/2015/Iran,Are Supplementation of Omega-3 and Ascorbic Acid Effective in Reducing Oxidative Stress and Depression among Depressed Shift Workers?,Randomized Controlled Trial,yes,depression,"Shift workers with BDI ≥10, not on psychotropic medication or supplements",,,,,,"Included shift workers, BDI ≥10; excluded comorbidities, drug/alcohol use",depression,,,136,"omega-3, vitamin C","180 mg EPA + 120 mg DHA, 250 mg",twice daily,"600 mg, 500 mg",4,34,8,Beck Depression Inventory,33,14.32,3.68,33,11.26,5.23963143,,29.5,100,"Decrease in BDI, but less than omega-3 alone",None reported,low,low,low,low,low,low,low,low,,duplicate,-3.06,6.82,,,,,,,,,,
Khajehnasiri/2015/Iran,Are Supplementation of Omega-3 and Ascorbic Acid Effective in Reducing Oxidative Stress and Depression among Depressed Shift Workers?,Randomized Controlled Trial,yes,depression,"Shift workers with BDI ≥10, not on psychotropic medication or supplements",,,,,,"Included shift workers, BDI ≥10; excluded comorbidities, drug/alcohol use",depression,,,136,omega-3,180 mg EPA + 120 mg DHA,twice daily,600 mg,4,34,8,Beck Depression Inventory,31,13.73,4.2,31,7.44,5.49157185,,31.7,100,Greatest decrease in BDI; omega-3 alone most effective,None reported,low,low,low,low,low,low,low,low,,duplicate,-6.29,6.81,,,,,,,,,,
Khajehnasiri/2015/Iran,Are Supplementation of Omega-3 and Ascorbic Acid Effective in Reducing Oxidative Stress and Depression among Depressed Shift Workers?,Randomized Controlled Trial,yes,depression,"Shift workers with BDI ≥10, not on psychotropic medication or supplements",,,,,,"Included shift workers, BDI ≥10; excluded comorbidities, drug/alcohol use",depression,,,136,placebo,,twice daily,,4,34,8,Beck Depression Inventory,32,14.17,3.35,32,11.83,6.32529568,,31.1,100,"Small decrease in BDI, possible placebo effect",None reported,low,low,low,low,low,low,low,low,,duplicate,-2.34,5.88,,,,,,,,,,
Khajehnasiri/2015/Iran,Are Supplementation of Omega-3 and Ascorbic Acid Effective in Reducing Oxidative Stress and Depression among Depressed Shift Workers?,Randomized Controlled Trial,yes,depression,"Shift workers with BDI ≥10, not on psychotropic medication or supplements",,,,,,"Included shift workers, BDI ≥10; excluded comorbidities, drug/alcohol use",depression,,,136,vitamin C,250 mg,twice daily,500 mg,4,34,8,Beck Depression Inventory,30,14.02,4.19,30,10.79,5.67757624,,30.7,100,"Decrease in BDI, but less than omega-3 alone",None reported,low,low,low,low,low,low,low,low,,duplicate,-3.23,7.07,,,,,,,,,,
Ghaleiha/2016/Iran,"Adjuvant thiamine improved standard treatment in patients with major depressive disorder: results from a randomized, double-blind, and placebo-controlled clinical trial",Randomized Controlled Trial,yes,depression,Inpatients with severe major depressive disorder (HDRS ≥25),,,,,,"Included inpatients aged 18–50 with DSM-5 MDD, HDRS ≥25; excluded comorbid psych/medical conditions",depression,,,51,vitamin B1,300 mg,daily,300 mg,2,25,12,HAM-D,25,31.4,4.1,25,10.52,2.38,,35.28,48,"Adjuvant thiamine improved symptoms faster than placebo, significant at week 6 but not week 12",No adverse side effects,low,low,low,low,low,some concerns,low,low,,hedge's g,-0.6349,0.2829,,,,,,0,0,,,
Ghaleiha/2016/Iran,"Adjuvant thiamine improved standard treatment in patients with major depressive disorder: results from a randomized, double-blind, and placebo-controlled clinical trial",Randomized Controlled Trial,yes,depression,Inpatients with severe major depressive disorder (HDRS ≥25),,,,,,"Included inpatients aged 18–50 with DSM-5 MDD, HDRS ≥25; excluded comorbid psych/medical conditions",depression,,,51,placebo,,daily,,2,26,12,HAM-D,26,32.77,4.22,26,12.64,4.49,,35.08,54,"Depression decreased in both groups, placebo less effective than thiamine",No adverse side effects,low,low,low,low,low,some concerns,low,low,,hedge's g,0,0.2829,,,,,,0,0,,,
Basoglu/2009/Turkey,"Adjuvant folate with escitalopram treatment and homocystein, folate, vitamin B-12 levels in patients with major depressive disorder",Randomized Controlled Trial,no,depression,Outpatients with major depressive disorder,,"vitamin B9: 6.033 ng/mL, vitamin B12: 263.883 pg/mL","vitamin B9: 6.143414256 ng/mL, vitamin B12: 232.3327573 pg/mL",vitamin B9: 10.233 ng/mL,vitamin B9: 13.00488992 ng/mL,"Included DSM-IV MDD, new episode, age ≥18; excluded antidepressants/folate ≥9 weeks, comorbid psych disorders",depression,,,35,"vitamin B9, Escitalopram","2.5 mg, 10 mg",daily,"2.5 mg, 10 mg",2,20,6,MADRS,20,30,10.169991,20,18.75,12.3110412,,30,45,Folic acid did not enhance antidepressant effect of escitalopram,Possible treatment-related side effects,low,some concerns,some concerns,some concerns,low,some concerns,high,high,,,,,,,,,,,,<=,4,
Basoglu/2009/Turkey,"Adjuvant folate with escitalopram treatment and homocystein, folate, vitamin B-12 levels in patients with major depressive disorder",Randomized Controlled Trial,no,depression,Outpatients with major depressive disorder,,"vitamin B9: 8.233 ng/mL, vitamin B12: 372.567 pg/mL","vitamin B9: 7.27925538 ng/mL, vitamin B12: 452.6224637 pg/mL",vitamin B9: 6.033 ng/mL,vitamin B9: 6.297782745 ng/mL,"Included DSM-IV MDD, new episode, age ≥18; excluded antidepressants/folate ≥9 weeks, comorbid psych disorders",depression,,,35,Escitalopram,10 mg,daily,10 mg,2,15,6,MADRS,15,32,17.247484,15,16.25,16.6725676,,36.75,47,Escitalopram improved depressive symptoms,None reported,low,some concerns,some concerns,some concerns,low,some concerns,high,high,,,,,,,,,,,,<=,4,
Sepehrmanesh/2016/Iran,Acid Folic Supplementation in Major Depressive Disorder Treatment: A Double-Blind Randomized Clinical Trial,Randomized Controlled Trial,yes,depression,"Outpatients with DSM-IV depression, BDI >12",,,,,,"Included adults aged 20–50, BDI >12; excluded psychosis, mania, severe medical problems, recent antidepressant use",depression,,,90,"vitamin B9, Citalopram","2.5 mg, 20 mg",daily,"2.5 mg, 20 mg",2,45,8,Beck Depression Inventory,45,30.11,10.41,45,13.31,6.57,,35.1,42.2,Adjunct folic acid significantly improved depressive symptoms vs placebo,Not specified,low,low,low,low,low,low,low,low,,,,,,,,,,,,,,
Sepehrmanesh/2016/Iran,Acid Folic Supplementation in Major Depressive Disorder Treatment: A Double-Blind Randomized Clinical Trial,Randomized Controlled Trial,yes,depression,"Outpatients with DSM-IV depression, BDI >12",,,,,,"Included adults aged 20–50, BDI >12; excluded psychosis, mania, severe medical problems, recent antidepressant use",depression,,,90,Citalopram,20 mg,daily,20 mg,2,45,8,Beck Depression Inventory,45,31.24,10.26,45,19.11,8.59,,36.4,33.3,Citalopram improved depressive symptoms but less than folic acid group,Not specified,low,low,low,low,low,low,low,low,,,,,,,,,,,,,,
Sepehrmanesh/2016/Iran,Acid Folic Supplementation in Major Depressive Disorder Treatment: A Double-Blind Randomized Clinical Trial,Randomized Controlled Trial,yes,anxiety,"Outpatients with DSM-IV depression, BDI >12",,,,,,"Included adults aged 20–50, BDI >12; excluded psychosis, mania, severe medical problems, recent antidepressant use",depression,,,90,"vitamin B9, Citalopram","2.5 mg, 20 mg",daily,"2.5 mg, 20 mg",2,45,8,HAM-A,45,34.24,9.01,45,21.93,9.41,,35.1,42.2,Folic acid adjunct reduced anxiety scores more than placebo,Not specified,low,low,low,low,low,low,low,low,,,,,,,,,,,,,,
Sepehrmanesh/2016/Iran,Acid Folic Supplementation in Major Depressive Disorder Treatment: A Double-Blind Randomized Clinical Trial,Randomized Controlled Trial,yes,anxiety,"Outpatients with DSM-IV depression, BDI >12",,,,,,"Included adults aged 20–50, BDI >12; excluded psychosis, mania, severe medical problems, recent antidepressant use",depression,,,90,Citalopram,20 mg,daily,20 mg,2,45,8,HAM-A,45,35.82,9.57,45,27.18,11.16,,36.4,33.3,Citalopram alone improved anxiety but less than folic acid adjunct,Not specified,low,low,low,low,low,low,low,low,,,,,,,,,,,,,,
Vyas/2023/US/2,Effects of Vitamin D(3) and Marine Omega-3 Fatty Acids Supplementation on Indicated and Selective Prevention of Depression in Older Adults: Results From the Clinical Center Sub-Cohort of the VITamin D and OmegA-3 TriaL (VITAL),Randomized Control Trial,yes,depression,senior citizens,,25(OH)D: 69.1271186440678 nmol/L,25(OH)D: 21.5032792585163 nmol/L,,,patients with sub-threshold depression or with 1+ high risk factor for late life depression with no concurrent psychiatric disorder or substance abuse/dependence,none,,"sub-syndromal MDD, senior",720,vitamin D,2000 IU,daily,2000 IU,2,354,104,DSM-IV MDD incidence,354,,,354,0.04,0.0384,,65.24971751,53.64519774,"A total of 11.1% had subthreshold depression, 60.8% had ≥ 1 high-risk factor, MDD incidence was 4.7% (5.1% among completers), and mean PHQ-9 score change was 0.02 points. Among those with subthreshold depression, the MDD risk ratio (95% confidence interval) was 0.36 (0.06 to 1.28) for vitamin D3 and 0.85 (0.25 to 2.92) for omega-3s, compared to placebo; results were also null among those with ≥ 1 high-risk factor (vitamin D3 vs placebo: 0.63 [0.25 to 1.53]; omega-3s vs placebo: 1.08 [0.46 to 2.71]). There were no significant differences in PHQ-9 score change comparing either supplement with placebo",not detailed,low,some concerns,low,low,low,low,low,low,,hedge's g,-0.2466,0.199255,,,,,,,,,,
Vyas/2023/US/2,Effects of Vitamin D(3) and Marine Omega-3 Fatty Acids Supplementation on Indicated and Selective Prevention of Depression in Older Adults: Results From the Clinical Center Sub-Cohort of the VITamin D and OmegA-3 TriaL (VITAL),Randomized Control Trial,yes,depression,senior citizens,,25(OH)D: 71.8510928961749 nmol/L,25(OH)D: 22.2717432000034 nmol/L,,,patients with sub-threshold depression or with 1+ high risk factor for late life depression with no concurrent psychiatric disorder or substance abuse/dependence,none,,"sub-syndromal MDD, senior",720,placebo,,daily,,2,366,104,DSM-IV MDD incidence,366,,,366,0.062,0.058156,,65.44808743,57.36120219,"A total of 11.1% had subthreshold depression, 60.8% had ≥ 1 high-risk factor, MDD incidence was 4.7% (5.1% among completers), and mean PHQ-9 score change was 0.02 points. Among those with subthreshold depression, the MDD risk ratio (95% confidence interval) was 0.36 (0.06 to 1.28) for vitamin D3 and 0.85 (0.25 to 2.92) for omega-3s, compared to placebo; results were also null among those with ≥ 1 high-risk factor (vitamin D3 vs placebo: 0.63 [0.25 to 1.53]; omega-3s vs placebo: 1.08 [0.46 to 2.71]). There were no significant differences in PHQ-9 score change comparing either supplement with placebo",not detailed,low,some concerns,low,low,low,low,low,low,,,0,0.199255,,,,,,,,,,
Vyas/2023/US/2,Effects of Vitamin D(3) and Marine Omega-3 Fatty Acids Supplementation on Indicated and Selective Prevention of Depression in Older Adults: Results From the Clinical Center Sub-Cohort of the VITamin D and OmegA-3 TriaL (VITAL),Randomized Control Trial,yes,depression,senior citizens,,25(OH)D: 69.1271186440678 nmol/L,25(OH)D: 21.5032792585163 nmol/L,,,patients with sub-threshold depression or with 1+ high risk factor for late life depression with no concurrent psychiatric disorder or substance abuse/dependence,none,,"sub-syndromal MDD, senior",720,vitamin D,2000 IU,daily,2000 IU,2,354,104,PHQ-9,354,2.252824859,2.873456112,354,,,,65.24971751,53.64519774,"A total of 11.1% had subthreshold depression, 60.8% had ≥ 1 high-risk factor, MDD incidence was 4.7% (5.1% among completers), and mean PHQ-9 score change was 0.02 points. Among those with subthreshold depression, the MDD risk ratio (95% confidence interval) was 0.36 (0.06 to 1.28) for vitamin D3 and 0.85 (0.25 to 2.92) for omega-3s, compared to placebo; results were also null among those with ≥ 1 high-risk factor (vitamin D3 vs placebo: 0.63 [0.25 to 1.53]; omega-3s vs placebo: 1.08 [0.46 to 2.71]). There were no significant differences in PHQ-9 score change comparing either supplement with placebo",not detailed,low,some concerns,low,low,low,low,low,low,,OLS,-0.08,2.873456112,0.109509943,5,,,,,,,,
Vyas/2023/US/2,Effects of Vitamin D(3) and Marine Omega-3 Fatty Acids Supplementation on Indicated and Selective Prevention of Depression in Older Adults: Results From the Clinical Center Sub-Cohort of the VITamin D and OmegA-3 TriaL (VITAL),Randomized Control Trial,yes,depression,senior citizens,,25(OH)D: 71.8510928961749 nmol/L,25(OH)D: 22.2717432000034 nmol/L,,,patients with sub-threshold depression or with 1+ high risk factor for late life depression with no concurrent psychiatric disorder or substance abuse/dependence,none,,"sub-syndromal MDD, senior",720,placebo,,daily,,2,366,104,PHQ-9,366,2.120218579,2.873456112,366,,,,65.44808743,57.36120219,"A total of 11.1% had subthreshold depression, 60.8% had ≥ 1 high-risk factor, MDD incidence was 4.7% (5.1% among completers), and mean PHQ-9 score change was 0.02 points. Among those with subthreshold depression, the MDD risk ratio (95% confidence interval) was 0.36 (0.06 to 1.28) for vitamin D3 and 0.85 (0.25 to 2.92) for omega-3s, compared to placebo; results were also null among those with ≥ 1 high-risk factor (vitamin D3 vs placebo: 0.63 [0.25 to 1.53]; omega-3s vs placebo: 1.08 [0.46 to 2.71]). There were no significant differences in PHQ-9 score change comparing either supplement with placebo",not detailed,low,some concerns,low,low,low,low,low,low,,,0,2.873456112,0.109509943,5,,,,,,,,
,,,,,,,,,,,,,,,,,,,,,,,,,,,,,,,,,,,,,,,,,,,,,,,,,,,,,,,,
,,,,,,,,,,,,,,,,,,,,,,,,,,,,,,,,,,,,,,,,,,,,,,,,,,,,,,,,
,,,,,,,,,,,,,,,,,,,,,,,,,,,,,,,,,,,,,,,,,,,,,,,,,,,,,,,,
,,,,,,,,,,,,,,,,,,,,,,,,,,,,,,,,,,,,,,,,,,,,,,,,,,,,,,,,
,,,,,,,,,,,,,,,,,,,,,,,,,,,,,,,,,,,,,,,,,,,,,,,,,,,,,,,,
,,,,,,,,,,,,,,,,,,,,,,,,,,,,,,,,,,,,,,,,,,,,,,,,,,,,,,,,
,,,,,,,,,,,,,,,,,,,,,,,,,,,,,,,,,,,,,,,,,,,,,,,,,,,,,,,,
,,,,,,,,,,,,,,,,,,,,,,,,,,,,,,,,,,,,,,,,,,,,,,,,,,,,,,,,
,,,,,,,,,,,,,,,,,,,,,,,,,,,,,,,,,,,,,,,,,,,,,,,,,,,,,,,,
,,,,,,,,,,,,,,,,,,,,,,,,,,,,,,,,,,,,,,,,,,,,,,,,,,,,,,,,
,,,,,,,,,,,,,,,,,,,,,,,,,,,,,,,,,,,,,,,,,,,,,,,,,,,,,,,,
,,,,,,,,,,,,,,,,,,,,,,,,,,,,,,,,,,,,,,,,,,,,,,,,,,,,,,,,
,,,,,,,,,,,,,,,,,,,,,,,,,,,,,,,,,,,,,,,,,,,,,,,,,,,,,,,,
,,,,,,,,,,,,,,,,,,,,,,,,,,,,,,,,,,,,,,,,,,,,,,,,,,,,,,,,
,,,,,,,,,,,,,,,,,,,,,,,,,,,,,,,,,,,,,,,,,,,,,,,,,,,,,,,,
